Series Name,Series Code,Country Name,Country Code,1990 [YR1990],1991 [YR1991],1992 [YR1992],1993 [YR1993],1994 [YR1994],1995 [YR1995],1996 [YR1996],1997 [YR1997],1998 [YR1998],1999 [YR1999],2000 [YR2000],2001 [YR2001],2002 [YR2002],2003 [YR2003],2004 [YR2004],2005 [YR2005],2006 [YR2006],2007 [YR2007],2008 [YR2008],2009 [YR2009],2010 [YR2010],2011 [YR2011],2012 [YR2012],2013 [YR2013],2014 [YR2014],2015 [YR2015],2016 [YR2016],2017 [YR2017],2018 [YR2018],2019 [YR2019],2020 [YR2020],2021 [YR2021],2022 [YR2022]
Cereal yield (kg per hectare),AG.YLD.CREL.KG,Afghanistan,AFG,1200.6,1160.4,1097.8,1132.9,1140.4,1214.5,1204.4,1348.8,1388,1285.7,806.3,1006.7,1669.8,1458,1334.8,1790.4,1551.7,1915.3,1455.4,2040.7,2011.1,1659.9,2029.6,2048.5,2017.5,2132.2,1980.4,2022.5,2162,2113.4,1979.9,2154.7,..
Cereal yield (kg per hectare),AG.YLD.CREL.KG,Albania,ALB,2794.4,2071.9,2158.6,2685,2460.9,2841.5,2450.9,2833.3,2872.1,2798.1,3175.1,3030.8,3291.9,3185.7,3466.3,3462.1,3602.6,3728.4,4081.2,4315.3,4761.8,4750.7,4883.8,4949.8,4892.6,4873.8,4716.4,4813,4840.5,5038.2,5209.2,5144.7,..
Cereal yield (kg per hectare),AG.YLD.CREL.KG,Algeria,DZA,687.7,1114.6,943.3,741.7,749.4,829.5,1337.8,779.8,846.3,1069.9,883.3,1106.9,1058.6,1470.3,1344.1,1500.8,1503.7,1253.5,1034,1653.9,1474.3,1643.3,1677.6,1813.1,1369.2,1400.2,1020.4,990.3,1952,1767.4,1520.4,1433.7,..
Cereal yield (kg per hectare),AG.YLD.CREL.KG,American Samoa,ASM,..,..,..,..,..,..,..,..,..,..,..,..,..,..,..,..,..,..,..,..,..,..,..,..,..,..,..,..,..,..,..,..,..
Cereal yield (kg per hectare),AG.YLD.CREL.KG,Andorra,AND,..,..,..,..,..,..,..,..,..,..,..,..,..,..,..,..,..,..,..,..,..,..,..,..,..,..,..,..,..,..,..,..,..
Cereal yield (kg per hectare),AG.YLD.CREL.KG,Angola,AGO,320.9,417.5,397.1,268,298.4,401.5,653.1,567.4,701.6,620.4,564.4,585.4,627.2,646.1,491.7,583.4,445.9,464.3,652.7,571.4,629.3,662.4,552,814.4,888.2,982.4,865.4,806.2,941.4,958.8,992.5,1000.3,..
Cereal yield (kg per hectare),AG.YLD.CREL.KG,Antigua and Barbuda,ATG,2381,1833.3,1713.6,1690.1,1668.4,1607.1,1639,1634.2,1631.8,1631.7,1600,1614.9,1562.5,1571.4,1578.9,1597.4,1625,1601.4,1619,1590.2,1585.9,1597.4,1595.3,1593.1,1583,1579.6,1843.2,2030.7,2205.9,2324,3800,2094.1,..
Cereal yield (kg per hectare),AG.YLD.CREL.KG,Argentina,ARG,2250.8,2433.1,2928.6,3054.5,2759.8,2900.2,2715.1,3010.7,3812,3335.6,3461.8,3398.6,3275.7,3308.7,3658.8,4075.8,3707.6,4294,4116.5,3249.3,4876.2,4596.3,4162.4,4795.6,4827.3,4779.1,5203.4,5404.6,4671.4,5474.8,5213.1,5193.2,..
Cereal yield (kg per hectare),AG.YLD.CREL.KG,Armenia,ARM,..,..,1842.8,1688.9,1439.9,1859,1877.2,1365.8,1768.4,1776.5,1383,1878.7,2204.7,1567.1,2280.8,1938.7,1323.9,2592.6,2405,2250.3,2068.2,2789,2650.5,3072.5,3181.6,3132.1,3076.1,1975.1,2623.6,1690.6,2055.8,2243.4,..
Cereal yield (kg per hectare),AG.YLD.CREL.KG,Aruba,ABW,..,..,..,..,..,..,..,..,..,..,..,..,..,..,..,..,..,..,..,..,..,..,..,..,..,..,..,..,..,..,..,..,..
Cereal yield (kg per hectare),AG.YLD.CREL.KG,Australia,AUS,1716.1,1691,1666.2,1833.1,2015.1,1270,1873.5,2175.2,1928.7,1992.3,2107.3,1959.6,2197.5,1020.7,2116.4,1694.6,2111.7,981.3,1332.7,1651.4,1661.5,2097.5,2231.6,1936.1,2137.9,2027.3,2075.2,2674.2,2035.8,1769,1650.7,2548,..
Cereal yield (kg per hectare),AG.YLD.CREL.KG,Austria,AUT,5577.3,5456.5,5152.7,5088.8,5391.7,5502,5391,5900.9,5675.3,5926.9,5403.9,5856.2,5831,5255.4,6495.5,6133.1,5721.8,5844.1,6807.3,6149.5,5903.1,7056.7,6002.9,5846.8,7046.7,6198.1,7246.4,6260.6,6145.8,6954.3,7386.4,7112.4,..
Cereal yield (kg per hectare),AG.YLD.CREL.KG,Azerbaijan,AZE,..,..,2113.9,1617.9,1622.7,1507,1608.4,1669.4,1581.1,2080,2335.2,2600.7,2623.2,2604.1,2588.8,2593.1,2599.3,2667.4,2741.5,2606.7,2020.6,2484.4,2659.7,2692.3,2343.6,3083.6,3005.1,2942.2,3013.7,3239,3227.3,3297.4,..
Cereal yield (kg per hectare),AG.YLD.CREL.KG,"Bahamas, The",BHS,1500,1666.7,1666.7,1600,1793.1,1793.1,1793.1,1740,1984.2,2165.7,2476.2,3000,3050,3400,3550,3600,3800,4000,4761.9,6000,7533.3,7308.5,7340.4,7413.2,7516.2,8342.3,7709.5,7820.7,8506.5,8341.7,8408.6,8419.2,..
Cereal yield (kg per hectare),AG.YLD.CREL.KG,Bahrain,BHR,..,..,..,..,..,..,..,..,..,..,..,..,..,..,..,..,..,..,..,..,..,..,..,..,..,..,..,..,..,..,..,..,..
Cereal yield (kg per hectare),AG.YLD.CREL.KG,Bangladesh,BGD,2490.6,2585.8,2625.7,2647.7,2475.9,2593.2,2694.2,2682.4,2865.3,3116.4,3384.4,3311,3395,3479.3,3439.4,3681.6,3761.4,4020.9,4102.5,4176,4288.3,4352.8,4395.8,4508.6,4540.9,4560.4,4601,4706,4791.2,4811.4,4902.1,4964.8,..
Cereal yield (kg per hectare),AG.YLD.CREL.KG,Barbados,BRB,2674.4,2625,2571.4,2666.7,2600,2750,2666.7,2600,2600,2600,2608.7,2604.2,2626.5,2630,2659.6,2736.8,2700,2666.7,2740.9,2827.1,2884.2,2987.6,3200,2833.3,2700,2695.6,2755.8,2815.6,2816.9,2812.6,2818,2823.4,..
Cereal yield (kg per hectare),AG.YLD.CREL.KG,Belarus,BLR,..,..,2741.1,2791.1,2268.3,2063.2,2191,2405.7,1889.9,1501.5,1949.7,2000.7,2477.8,2433,2986.1,2848.5,2550.5,2880.9,3549.7,3367.9,2808.3,3241.4,3479.1,3007.8,3720.5,3690.2,3207.3,3358.7,2723.9,3095.6,3539.9,3143.2,..
Cereal yield (kg per hectare),AG.YLD.CREL.KG,Belgium,BEL,..,..,..,..,..,..,..,..,..,..,8021.4,8218.1,8500.9,8530.7,9184.9,8649.5,8373.3,8637.7,8885.8,9710,9348.1,9009,8666.3,9212.5,9435.4,9842.2,6984.8,9050.7,7983.1,8988.5,8430.6,7906.2,..
Cereal yield (kg per hectare),AG.YLD.CREL.KG,Belize,BLZ,2013.8,2485.1,2289.7,2185.3,1898.1,1917.7,2504.9,2394.2,2458.5,2805.4,2418.3,3100,2448.9,2851.8,2365.7,2869.5,2672.3,2939.5,2427.2,2686.5,3223.4,3155.5,3451.1,3615.6,3594.6,2897.8,3164.6,4229.1,4043.7,2946.5,3526.3,4289.5,..
Cereal yield (kg per hectare),AG.YLD.CREL.KG,Benin,BEN,847.9,878.6,913.4,919.2,956.9,1086.5,1009.6,1117,1055.9,1162.6,1102.1,1069.3,1131.1,1148.7,1146,1136.4,1190.5,1286,1158.7,1423.5,1200.6,1517.8,1373.2,1479.6,1460.3,1336.7,1455.9,1405.4,1428.5,1238.3,1432.8,1408.6,..
Cereal yield (kg per hectare),AG.YLD.CREL.KG,Bermuda,BMU,..,..,..,..,..,..,..,..,..,..,..,..,..,..,..,..,..,..,..,..,..,..,..,..,..,..,..,..,..,..,..,..,..
Cereal yield (kg per hectare),AG.YLD.CREL.KG,Bhutan,BTN,1279.8,1027.5,1063.6,1164.2,1281.1,1365.8,1467.5,1541,1559.5,1506.7,1437.9,1449.4,1549,1791.3,2995.2,2334.9,2199.7,1999.2,2741.5,2160.4,2469.1,2801.7,2944.2,3226.4,3254.9,3475.8,3373.4,3411.5,3417.1,3080.7,3439.5,3342.4,..
Cereal yield (kg per hectare),AG.YLD.CREL.KG,Bolivia,BOL,1360.8,1358.1,1399.7,1537,1426.7,1561.2,1613.6,1388.2,1494.8,1366.5,1641.9,1784.9,1712.4,1963.3,1618.7,1927,2100.1,1763.3,2016.4,2346,2267.3,2045.3,2113.2,1717.9,1958.1,2280.2,2111.3,1845.6,2333.7,2030.1,2024,2502.1,..
Cereal yield (kg per hectare),AG.YLD.CREL.KG,Bosnia and Herzegovina,BIH,..,..,3552.8,3504,3606,3586.3,3536.8,3523.7,3481.2,3756.4,2550.2,3201.7,3828.2,2521.6,4433.5,4253.3,4290.8,3223.2,4427.1,4503.1,3853,3724.9,3000.6,4026.9,3977.4,3812.1,5191.7,3732.1,5487.9,5354.7,6050.7,4422.1,..
Cereal yield (kg per hectare),AG.YLD.CREL.KG,Botswana,BWA,265.5,381.3,288.7,424.3,223.8,458.4,323.4,276.8,246.7,228.5,152.6,554.4,357.3,1214.5,274.3,438.6,372.4,639.2,360.8,363.6,371.6,452.3,367.2,217.6,305.2,938.4,471.6,316.6,550.3,676.3,1034.7,1003.7,..
Cereal yield (kg per hectare),AG.YLD.CREL.KG,Brazil,BRA,1755.1,1850.7,2142.5,2354.6,2285,2513.1,2422.2,2521.8,2580.4,2732,2643.3,3147.6,2844.8,3385.4,3131.8,2882.6,3210.5,3553.1,3831.3,3532.1,4040.6,4037.5,4584.5,4826.4,4640.4,5000.6,4181.7,5209.6,4806.6,5321.5,5255.7,4478.7,..
Cereal yield (kg per hectare),AG.YLD.CREL.KG,British Virgin Islands,VGB,..,..,..,..,..,..,..,..,..,..,..,..,..,..,..,..,..,..,..,..,..,..,..,..,..,..,..,..,..,..,..,..,..
Cereal yield (kg per hectare),AG.YLD.CREL.KG,Brunei Darussalam,BRN,1550,1600,1233.3,2257.1,1670.2,1638.7,1651.9,1249.7,1070.7,526.3,650,729.2,729.4,792.8,819,872.8,809.1,725.5,700.8,514.7,580.1,922.7,977.2,966.4,1454.2,2146,1558.4,1660.4,2004,1941,2944.2,2885.2,..
Cereal yield (kg per hectare),AG.YLD.CREL.KG,Bulgaria,BGR,3953.7,3990.8,2953.6,2512.7,2798.9,3069.5,1908.6,3011.5,2684.7,2946.8,2459.9,2898.5,3156.3,2371.3,4077.8,3387,3572.5,2523.7,4094.3,3413,4031,4251.2,3671.8,4561,4860.7,4669.6,4817.8,5479.7,5561.7,5774.7,4373.4,5949.6,..
Cereal yield (kg per hectare),AG.YLD.CREL.KG,Burkina Faso,BFA,600.2,876.6,871.5,936.2,787.9,851.1,916.5,704.5,889,912.9,856.4,967.8,942.7,996.3,940.7,1127.2,1203.9,936.1,1039.9,1002,1062.7,995.1,1203,1156.5,1225.8,1168.9,1136.8,1009,1152.3,1156.1,1261.7,1252.4,..
Cereal yield (kg per hectare),AG.YLD.CREL.KG,Burundi,BDI,1348.5,1368.9,1391.4,1394.1,1274.8,1331.9,1386.3,1434,1275.9,1309.5,1228.2,1283.5,1308.8,1284.1,1328.1,1344.3,1277,1301.5,1280.8,1295.9,1231.9,1153.6,1106.9,1178.6,1332.8,1204.2,1483,1125.4,1322.8,1445.7,1261.7,1481.5,..
Cereal yield (kg per hectare),AG.YLD.CREL.KG,Cabo Verde,CPV,334.6,252.9,302.1,359.1,250.3,262.9,317.2,146.9,141.5,1162,794.8,637.3,148.5,379.2,385.2,243.2,218,158.8,233.8,230.8,220,177.8,196.2,182.3,34.3,276.5,178,0.1,22.7,23.2,15.7,16.3,..
Cereal yield (kg per hectare),AG.YLD.CREL.KG,Cambodia,KHM,1362.1,1390.6,1315.9,1301.2,1481.1,1778.9,1800.9,1761.4,1777,1933.5,2133.6,2092.6,1922,2160.6,2024.8,2508.7,2533.1,2677.3,2804.8,2938.6,3015.7,3021.5,3177.8,3253.8,3313.9,3378.1,3510.9,3473.5,3529.2,3431.4,3481.5,3606,..
Cereal yield (kg per hectare),AG.YLD.CREL.KG,Cameroon,CMR,1259.3,1179.3,1072.2,959.3,968.7,1172.1,1344,1400.3,1413.2,1893.3,1763.5,1708.9,1682.7,1619.9,1563.2,1669.7,1700.3,1676.3,1678.5,1722.9,1648.7,1710,1591.5,1676.4,1630.4,1615.3,1653.3,1644.5,1649.4,1664.7,1665.8,1669.4,..
Cereal yield (kg per hectare),AG.YLD.CREL.KG,Canada,CAN,2636.3,2580.5,2460.3,2647,2594.5,2699.8,2844.2,2584.6,2782.6,3087.8,2805.7,2446.8,2375.4,2758.8,3141.9,3215.9,3046.3,2973.4,3391.7,3299.5,3501.1,3552.4,3456.3,4160.4,3647,3673,4239.1,4104.8,3914.7,4010.8,4095.4,3078.3,..
Cereal yield (kg per hectare),AG.YLD.CREL.KG,Cayman Islands,CYM,..,..,..,..,..,..,..,..,..,..,..,..,..,..,..,..,..,..,..,..,..,..,..,..,..,..,..,..,..,..,..,..,..
Cereal yield (kg per hectare),AG.YLD.CREL.KG,Central African Republic,CAF,809.9,893.4,1005.9,989.7,876.4,869.2,882.7,947.9,989.2,1006.8,993.3,1032.6,1048.3,1009.5,1007.7,1018.2,989.7,951.2,946.8,948.4,1447.4,1516,1674.5,1133.9,896,884.1,879.8,888.5,882.5,859.3,859,799.6,..
Cereal yield (kg per hectare),AG.YLD.CREL.KG,Chad,TCD,559.2,618.6,729.9,501,746.5,581.8,601.3,582,685.2,672.8,531.3,634.7,670.9,827.3,671.2,749.9,766.8,799.3,775.2,598.3,762.8,632,934.8,822.8,855.7,801.9,844.7,825.2,893,886.3,867.1,814.3,..
Cereal yield (kg per hectare),AG.YLD.CREL.KG,Channel Islands,CHI,..,..,..,..,..,..,..,..,..,..,..,..,..,..,..,..,..,..,..,..,..,..,..,..,..,..,..,..,..,..,..,..,..
Cereal yield (kg per hectare),AG.YLD.CREL.KG,Chile,CHL,3619.7,4050.9,4177.4,4246,4489.3,4472.5,4264.3,4507.5,5052,4061.1,4362.1,4935.7,5183.3,5390,5657.5,5811.2,5998.3,5744.3,5844.4,5462.3,6815.4,6927.8,6229.6,6913.2,6128.4,7082.3,6858.2,6779.4,7144.3,7157.2,6245.8,6491.2,..
Cereal yield (kg per hectare),AG.YLD.CREL.KG,China,CHN,4320.9,4231.4,4361.6,4562.1,4504.9,4659.3,4891.6,4813.2,4952.8,4944.9,4752.6,4800.3,4869,4871.1,5186.8,5224.6,5313.4,5319.9,5548.4,5447.5,5524.9,5707,5825.2,5894.2,5891.9,5985.2,6018.6,6110.8,6122.7,6265.2,6313.4,6319.5,..
Cereal yield (kg per hectare),AG.YLD.CREL.KG,Colombia,COL,2475.4,2450.7,2550,2505.5,2506.1,2643.9,2683.9,2906.7,3060.4,3151.7,3234.2,3138.3,3340.5,3621.8,3584.5,3643.3,3358.8,3599.2,3664.2,3611.3,3410.4,3351.5,3702.5,3268.8,4113,4301.7,4353.2,4708,4666.3,4847.4,5069.2,5160.1,..
Cereal yield (kg per hectare),AG.YLD.CREL.KG,Comoros,COM,1267,1302.3,1292.2,1290.9,1292.9,1294.7,1295,1292.8,1279,1301.1,1322.3,1311.6,1309.8,1310.8,1311,1310.1,1277,1334.5,1285.3,1320.2,1358.8,1351.4,1315.6,1378.6,1361,1351.6,1414.6,1393.2,1386.3,1397.9,1392.5,1392.2,..
Cereal yield (kg per hectare),AG.YLD.CREL.KG,"Congo, Dem. Rep.",COD,799.8,802.4,782.2,790.6,793.4,765.8,780.9,801.7,811,787.3,786.6,786.6,772,771.5,771.7,771.7,771.6,771.6,771.6,771.6,784.9,771.1,771.6,772.1,769,768.9,779.3,794.1,816.5,838,879.9,876.8,..
Cereal yield (kg per hectare),AG.YLD.CREL.KG,"Congo, Rep.",COG,624.3,635.2,639.2,646.5,654.4,735.6,746.3,746.3,755.8,736.4,753.9,775,772,780.7,776.4,770.6,777.8,764.1,771.4,791.4,785,794.3,809.8,830.9,832.8,833.5,845.6,860.4,876.4,875.7,883.7,883.5,..
Cereal yield (kg per hectare),AG.YLD.CREL.KG,Costa Rica,CRI,3096.8,3299,3169,3419.3,3815.4,3777.6,3483.3,3790.7,3768.9,3676.8,3626.2,3549.6,3683.4,3171.4,3059.4,3189.1,3759,3538.2,3814.3,3790.7,3199.2,3418.9,3621.5,3283.3,4497.5,3831.6,4026.1,3731,4210.1,4052.4,4030.4,4310,..
Cereal yield (kg per hectare),AG.YLD.CREL.KG,Cote d'Ivoire,CIV,1112.5,1052.8,1050.8,1235.4,1131,1141.7,1389,1286.7,1498.6,1645.7,1682.3,1719.9,1750.9,1827,1853.9,1836.3,1827.9,1569.4,1735,1711.5,2270.5,1882.8,2079.8,2176.6,2206.9,2200.3,2219.8,2247.4,2289.4,2274.5,2231.7,2294,..
Cereal yield (kg per hectare),AG.YLD.CREL.KG,Croatia,HRV,..,..,3972.1,4255.7,4136.9,4365.7,4507.8,5007.9,4669,4604.2,4114.8,4840.3,5316.2,3601,5408.9,5592.8,5420.2,4558.1,6639.1,6109.8,5456,5220,4573.6,5444.9,6027.7,5695,6665.5,5704.8,7055.6,7157.3,6992.4,7012.9,..
Cereal yield (kg per hectare),AG.YLD.CREL.KG,Cuba,CUB,2342.1,2175.9,1751.1,1324.4,1789.1,1964.6,2007.3,2188.6,1874.7,2750.8,2528.4,2880.6,3123.2,3188.8,2921.5,2561.6,2782.8,2912.9,2674.2,2068.8,1937.2,2619.1,2803.2,2903.8,2813.7,2964.6,2939.3,2854.3,2876.5,2830.9,2572.3,2403.9,..
Cereal yield (kg per hectare),AG.YLD.CREL.KG,Curacao,CUW,..,..,..,..,..,..,..,..,..,..,..,..,..,..,..,..,..,..,..,..,..,..,..,..,..,..,..,..,..,..,..,..,..
Cereal yield (kg per hectare),AG.YLD.CREL.KG,Cyprus,CYP,1886,1335.9,2789.8,2964.4,2553.5,2384.9,2395.5,1110.6,1113.9,2156.4,931.4,2275.9,2394.4,2263.9,1677.9,1205.6,1219.7,1596.1,176.3,1823.8,1998.4,1954.4,2399.3,1688,291,2683,436.3,1802.7,1052.9,2656.3,2368.5,1990.2,..
Cereal yield (kg per hectare),AG.YLD.CREL.KG,Czechia,CZE,..,..,..,4019.5,4091.7,4179.3,4192.7,4132.7,3968.1,4346.6,3906,4508.6,4324,3940.8,5443.6,4741.6,4159,4522,5362.8,5073.9,4695.8,5592.6,4529.5,5309.3,6219.8,5880.6,6317,5497.5,5206.9,5653.2,6042.7,6113,..
Cereal yield (kg per hectare),AG.YLD.CREL.KG,Denmark,DNK,6117.9,5911.6,4314.2,5677.6,5530.6,6291.2,6052.6,6207.2,6100.1,5862.1,6216,6126.6,5761.8,6096.6,6013.1,6153.4,5778.4,5675.8,6017.4,6779,5875.9,5886.5,6309.7,6316.6,6752.1,6884.7,6222,6916.5,4888.8,6928.9,6926.3,6355,..
Cereal yield (kg per hectare),AG.YLD.CREL.KG,Djibouti,DJI,1666.7,1643.3,1647.3,1651.9,1657.5,1666.7,1683.3,1704.7,1726,1769.4,1833.3,1714.3,1666.7,1666.7,1658.7,1500,1666.7,1738.2,1780.6,1816.7,1848.3,1879.3,2000,2000,1986.4,2007.6,1998.2,1998.7,1875.5,1999.5,2000,2000.4,..
Cereal yield (kg per hectare),AG.YLD.CREL.KG,Dominica,DMA,1363.6,1340.2,1339.9,1333.3,1341.3,1344.2,1347.3,1350.4,1353.8,1357.2,1357.3,1359.2,1364.1,1333.3,1377.5,1357.1,1404.7,1448.3,1437.7,1436.8,1416.7,1400,1666.7,1666.7,1623.5,1604,1597.7,1601.7,1631.1,1649.5,1662.5,1675.5,..
Cereal yield (kg per hectare),AG.YLD.CREL.KG,Dominican Republic,DOM,3996.2,3979.6,6090.2,4015.2,3636.7,3856.3,3835.6,3950.7,3635.3,3983.1,4159.3,4304.8,4343.4,4000.8,3824.8,3808.6,4262.9,4368.1,4468.8,3954.3,4436,4605.6,3747.7,4031.5,4965.6,5109.8,4728.1,4730.4,4607.1,4652.5,4653.7,4784.8,..
Cereal yield (kg per hectare),AG.YLD.CREL.KG,Ecuador,ECU,1723.6,1704.2,1768.6,1951.6,2075,1984.3,2029.3,2058.7,1954.9,2123.1,2306,1899.4,2434.6,2617.3,2922.2,2841.6,2830,3144,2980.3,2965.5,3106.2,2605.8,3258.8,2911.5,3527.5,4322.9,3791.8,3416.1,3938.1,4326.1,3914.7,4418.8,..
Cereal yield (kg per hectare),AG.YLD.CREL.KG,"Egypt, Arab Rep.",EGY,5702.9,5613,5898.5,5995.1,5861.1,5903.7,6499.1,6605.5,6797.4,7166.6,7280.1,7099.4,7445.6,7515.4,7556.2,7536.9,7500.2,7418.5,7452.2,7158.3,6504.3,7246.3,7269,7285.3,7085,7117.3,7251.5,7400.6,6777.4,6045.3,7166.5,7132.5,..
Cereal yield (kg per hectare),AG.YLD.CREL.KG,El Salvador,SLV,1939.3,1633.5,2039.3,1986.9,1609.6,2051.3,2119.3,1736.3,1886.7,2250,2155.3,1909.7,2476.9,2472.5,2486.1,2632.7,2802.9,2615.2,2905.3,2726.9,2726,2492,2782.2,2713,2485.7,2288.1,2745.5,2909.7,2379.7,2777,2732,2735.8,..
Cereal yield (kg per hectare),AG.YLD.CREL.KG,Equatorial Guinea,GNQ,..,..,..,..,..,..,..,..,..,..,..,..,..,..,..,..,..,..,..,..,..,..,..,..,..,..,..,..,..,..,..,..,..
Cereal yield (kg per hectare),AG.YLD.CREL.KG,Eritrea,ERI,..,..,..,256.6,767,416,264.9,265.5,959.7,746.6,377.2,637.1,158.2,261,275.3,758.2,798.5,938.5,252.2,500.1,511.7,649.1,689.4,669.8,666.4,642.4,639.7,642.2,641.3,639.8,640,639.5,..
Cereal yield (kg per hectare),AG.YLD.CREL.KG,Estonia,EST,..,..,1403.8,2161.3,1597.1,1687.4,2178.5,1992,1627,1251.3,2114.7,2037,2024,1921.7,2330.3,2694.4,2209.9,3009.1,2792.8,2760.5,2464.2,2598.9,3412,3135.6,3669.6,4381.6,2658.4,3967.3,2624.9,4458.6,4411.5,3502.4,..
Cereal yield (kg per hectare),AG.YLD.CREL.KG,Eswatini,SWZ,1284,1050.4,1554.3,1381.2,1271.9,2169.6,1756.6,1906,1897.7,1633.7,1632.7,1417.6,996.5,1023.9,1246.5,1317.1,1423.1,567.6,1001.4,1289.5,1205.3,1343.6,1337.2,1367.3,1362.3,1259.7,1224.9,1240.4,1249.3,1264.6,1287,1432.4,..
Cereal yield (kg per hectare),AG.YLD.CREL.KG,Ethiopia,ETH,1238.1,1307.5,1155.8,1313,974.4,1033.5,1213.6,1263.9,1140.9,1124.6,1116.3,1198,1353.7,1123.3,1162.6,1361.4,1563.3,1441,1418.4,1647.1,1767.3,1876.6,1963.3,2102,2235.1,2344.9,2352.2,2539.4,2729.8,2831.8,2861.3,2787.9,..
Cereal yield (kg per hectare),AG.YLD.CREL.KG,Faroe Islands,FRO,..,..,..,..,..,..,..,..,..,..,..,..,..,..,..,..,..,..,..,..,..,..,..,..,..,..,..,..,..,..,..,..,..
Cereal yield (kg per hectare),AG.YLD.CREL.KG,Fiji,FJI,2181,2316.8,2154,2275.5,2301,2651,2105,2213.3,754.4,2706.3,2433.7,2341.6,2379.8,2338.9,2352.8,2349.2,2283.5,2652.4,2266.1,2819,2871.1,2821.3,2423.4,2999.5,4475.4,3001,3000.9,3000.9,3002.2,3353.4,3665.7,3887.3,..
Cereal yield (kg per hectare),AG.YLD.CREL.KG,Finland,FIN,3543.1,3347.7,2845.8,3606.5,3587.2,3409,3438,3410.1,2402.8,2541.2,3498.7,3164.4,3295,3178,3210.6,3422.9,3293.8,3654.7,3542.3,3760.4,3135.3,3521.7,3533.6,3689.5,3691.4,3613.9,3573.3,3957.9,3052.7,4257.5,3589.3,2777.3,..
Cereal yield (kg per hectare),AG.YLD.CREL.KG,France,FRA,6082.6,6536.2,6485.4,6512.6,6542.6,6456.5,7082.4,6890.3,7415.4,7260.4,7231.5,6729.2,7453,6125.3,7518.7,6965.4,6800.5,6520.6,7252.8,7412.4,7068.6,6919.3,7254.5,7084.8,7579.1,7590.5,5690.9,7306.7,6829.1,7491.9,6384.2,7170.9,..
Cereal yield (kg per hectare),AG.YLD.CREL.KG,French Polynesia,PYF,..,..,..,..,..,..,..,..,..,..,..,..,..,..,..,..,..,..,..,..,..,..,..,..,..,..,..,..,..,..,..,..,..
Cereal yield (kg per hectare),AG.YLD.CREL.KG,Gabon,GAB,1588.2,1701.5,1550,1588.5,1658.4,1557.7,1591,1562.4,1583.7,1599.1,1630.3,1541.5,1449.4,1538.1,1559.8,1569.9,1580,1667.1,1611.4,1589.1,1595,1596.1,1600.6,1600.4,1592.5,1591.7,1590.2,1587.6,1588.3,1589.1,1588.6,1588.7,..
Cereal yield (kg per hectare),AG.YLD.CREL.KG,"Gambia, The",GMB,1003.9,1108.3,1230.9,1181.5,1155.2,1028.3,1095.8,934.2,1027.9,1293,1295.8,1283.8,960.3,1199.7,1170.8,1040.3,1026.4,800.3,977.2,1051.7,1129.4,868.5,910.3,959.8,746.3,792.6,737,627.9,516.1,443.8,501.9,490.7,..
Cereal yield (kg per hectare),AG.YLD.CREL.KG,Georgia,GEO,..,..,1996.2,1768,2015.6,2150.9,2492.9,2203.5,1592.8,2110.2,1369,2012.2,1860.1,2136.9,2003.4,2011.6,1583.8,2114.5,2090.4,1907.8,1271.4,2201.3,2186.4,2200.6,2032.8,1959.4,2514.5,1976.2,2529.9,2536.9,2646.5,2749.3,..
Cereal yield (kg per hectare),AG.YLD.CREL.KG,Germany,DEU,5411.1,5986.1,5335.6,5711.7,5826.2,6107.8,6282,6484.9,6330.2,6699.9,6452.9,7055.2,6251.5,5764.5,7355.3,6723.2,6486.6,6182.9,7118.8,7201.4,6685.2,6458.3,6964.9,7318,8050.3,7497.8,7182.1,7269.9,6178.9,6952,7133.3,6998.1,..
Cereal yield (kg per hectare),AG.YLD.CREL.KG,Ghana,GHA,989.2,1220.8,1042.1,1340.2,1327.5,1354.1,1389.2,1321.7,1333.8,1297,1309.2,1186.1,1349,1396.4,1373.3,1432.3,1334.5,1317,1598.1,1659.8,1814.3,1594.2,1768.1,1688.8,1703.4,1830.3,1842.4,1930.7,1885.5,2207,2405.6,2416.2,..
Cereal yield (kg per hectare),AG.YLD.CREL.KG,Gibraltar,GIB,..,..,..,..,..,..,..,..,..,..,..,..,..,..,..,..,..,..,..,..,..,..,..,..,..,..,..,..,..,..,..,..,..
Cereal yield (kg per hectare),AG.YLD.CREL.KG,Greece,GRC,3035.8,4124,3606.8,3553.2,3886.8,3751,3710.3,3799,3581.1,3648.8,3868.8,3847.6,3747.2,3693.6,4017.4,4049.8,3918.9,3929.9,4515.8,4266.2,4064.9,4344.1,4206.7,4393.3,4286.5,4214.9,4223.5,4317.2,3799.6,4043.5,4197.1,4272.7,..
Cereal yield (kg per hectare),AG.YLD.CREL.KG,Greenland,GRL,..,..,..,..,..,..,..,..,..,..,..,..,..,..,..,..,..,..,..,..,..,..,..,..,..,..,..,..,..,..,..,..,..
Cereal yield (kg per hectare),AG.YLD.CREL.KG,Grenada,GRD,992.3,1113.2,1021.2,989.7,991.4,983.3,1000,1000,1004.6,1004.3,1002.8,1001.8,997.1,999.6,1000.6,984.4,1000,1000,1005.6,1007.1,1008.4,1009,1028.6,1000,993.3,1002.1,998.3,997.2,998.3,998.5,998,997.5,..
Cereal yield (kg per hectare),AG.YLD.CREL.KG,Guam,GUM,..,..,..,..,..,..,..,..,..,..,..,..,..,..,..,..,..,..,..,..,..,..,..,..,..,..,..,..,..,..,..,..,..
Cereal yield (kg per hectare),AG.YLD.CREL.KG,Guatemala,GTM,1997.6,1810,1839.6,1813.6,1894.5,1912,1785.7,1491.9,1682.2,1741.2,1776.4,2038.8,2017.2,2053.7,2117.1,2311.9,2514.1,2305.8,2010.6,1983.3,1996.6,2000.4,2036.7,2082.4,2092.4,2115.7,2152.3,2153.3,2153.3,2164.5,2201.2,2218,..
Cereal yield (kg per hectare),AG.YLD.CREL.KG,Guinea,GIN,1455.1,1421.9,1392.6,1405.3,1422.3,1454.8,1458.9,1463.2,1468.2,1473.7,1492.1,1483,1487.2,1484.8,1491.3,1495.6,1502,1514,1464.7,1484.3,1184.7,1226,1152.2,1189.6,1123,1122.4,1155.5,1165.4,1186.7,1257.9,1323.7,1344.9,..
Cereal yield (kg per hectare),AG.YLD.CREL.KG,Guinea-Bissau,GNB,1530.7,1614.5,1441.7,1431.6,1394.8,1402.2,1366.5,1110.3,1145,1038.2,1097,1004.9,1067.3,1075.9,1164,1325.6,1412.6,1346.1,1490.3,1626.7,1717.6,1581.6,1504.3,1391.3,1384.4,1392.5,1404.2,1372.5,1389.7,1278.7,1334,1343.9,..
Cereal yield (kg per hectare),AG.YLD.CREL.KG,Guyana,GUY,2980.4,3285.6,3438.1,3258.4,3664.2,3899.1,3958.1,3964,4003.3,3791.2,3799.2,3947.9,4084,4155.5,4216.6,3861.4,4523,4222.2,4161.5,4345.5,4165.4,4343.9,4465.4,4936.7,3394.6,3567.3,3515.3,3619.6,3707.9,3798,3666.2,3683.5,..
Cereal yield (kg per hectare),AG.YLD.CREL.KG,Haiti,HTI,1026.7,987.7,976.1,949.2,923.9,925.8,974,1004.1,913.6,969.4,931.8,826.5,920.4,920.8,933.8,956.8,962.9,959.8,961.1,994.6,977.4,982.2,1077,1059.9,895,978.1,1012.3,894.6,845.1,1599.3,1301.1,1153.8,..
Cereal yield (kg per hectare),AG.YLD.CREL.KG,Honduras,HND,1468.5,1316.9,1328.5,1328.6,1310.8,1540.4,1579,1570,1089.9,1170.2,1368.1,1447.1,1341.8,1533.4,1388.1,1506.5,1522.3,1682.7,1680.5,1727.2,1660.3,1711.5,1646.9,1667.9,1854.7,1821.3,1890.9,1865.7,1852.1,1871.1,1893.3,1900.2,..
Cereal yield (kg per hectare),AG.YLD.CREL.KG,"Hong Kong SAR, China",HKG,2000,..,..,..,..,..,..,1922.6,1924.5,1929.2,1923.3,1905.8,1989.9,1989.8,1989.8,1989.9,..,1985.4,1975.2,2000.4,2000.4,2000.4,2000.4,2000.4,2030.6,2079.4,2095.7,2101.1,2118.8,2037.7,2049,2060.4,..
Cereal yield (kg per hectare),AG.YLD.CREL.KG,Hungary,HUN,4520.8,5486.2,3646,3085.3,3968.8,4064.1,3999.6,4785.7,4554.2,4706.2,3632.7,4884.9,3963.2,3038.9,5589.9,5526.6,5097.3,3492,5800.2,4715.2,4719,5105.1,3761.1,4831.5,5897,5243.4,6486.6,5835.5,6286.2,6365.8,6659.1,5920,..
Cereal yield (kg per hectare),AG.YLD.CREL.KG,Iceland,ISL,..,..,..,..,..,..,..,..,..,..,..,..,..,..,..,..,..,..,..,..,..,..,..,..,..,3186.8,3212.6,3523.8,2600,3590.9,4858,3120.8,..
Cereal yield (kg per hectare),AG.YLD.CREL.KG,India,IND,1891.2,1926.3,2024.8,2084.9,2115.5,2111.7,2181,2228.6,2248.4,2313.7,2294.2,2423.1,2187.3,2399.4,2350,2411.6,2446.5,2583.3,2637.9,2580.8,2676.4,2860.7,2963.5,2969.9,2956.3,2856.4,3011.1,3127.7,3278.1,3416.1,3407,3478.8,..
Cereal yield (kg per hectare),AG.YLD.CREL.KG,Indonesia,IDN,3800.2,3862.1,3817.1,3916.3,3865.5,3842.8,3944.9,4011.4,3816.9,3895.7,4026.4,4044.9,4169.5,4248.1,4274.5,4311.3,4365.8,4413.9,4703,4808.7,4872.4,4891.3,5086.8,5087,5099.1,5313.8,5158.7,5122.3,5244,5198.2,5293.3,5351.3,..
Cereal yield (kg per hectare),AG.YLD.CREL.KG,"Iran, Islamic Rep.",IRN,1445.3,1611.5,1706.6,1773.4,1817.4,1909.1,1849.2,1857.3,2160.8,2049.7,1835.1,1932.6,2272.9,2383.4,2417.1,2301.2,2391.8,2454.3,1720.9,1997.2,2173.5,1713.7,1745.4,1847.1,2051.5,2231,2653.3,2058.3,2053.8,1975.4,1653,1635.2,..
Cereal yield (kg per hectare),AG.YLD.CREL.KG,Iraq,IRQ,1061,799.6,755,706.1,792.5,801.2,899.7,799.9,864.8,590,363.2,692.7,1306.4,1209.8,1191.6,948.1,1329.2,1264.8,1403.5,1774.5,1697.1,1798.5,2318.9,2214.8,2048.1,2693.5,3075.3,2747.8,2675.8,2586.4,2582.3,2729.6,..
Cereal yield (kg per hectare),AG.YLD.CREL.KG,Ireland,IRL,6577.4,6521,6741.2,5728.1,5988.3,6578.7,7322,6297.1,6236.6,6985.7,7795.7,7580.9,6567.1,7100.7,8077.9,6904.7,7465.2,7188.8,7644.9,6887.1,7456.3,8441.5,6741.2,7802.1,8471.4,9008.2,8222.8,8783.6,6839.5,8505.2,7124.8,8606.5,..
Cereal yield (kg per hectare),AG.YLD.CREL.KG,Isle of Man,IMN,..,..,..,..,..,..,..,..,..,..,..,..,..,..,..,..,..,..,..,..,..,..,..,..,..,..,..,..,..,..,..,..,..
Cereal yield (kg per hectare),AG.YLD.CREL.KG,Israel,ISR,3486,2644.1,3266.9,3014.9,1885.6,3133.7,2797,1969.2,2470.1,1668.4,2443.3,2454.8,2689.5,3306.5,3066.7,2951.9,2398.5,2752.1,2438.8,3174.1,3037.6,3669.3,4299.5,4177.1,4910.1,4978.9,4834.9,3196.9,2463.2,3625.1,3835.1,3508.8,..
Cereal yield (kg per hectare),AG.YLD.CREL.KG,Italy,ITA,3944.9,4366.3,4707.4,4850.9,4675.3,4667.4,4948.3,4747.6,5078.2,5047.4,4993.9,4821.4,4959.2,4307.2,5444.4,5361.4,5316.1,5174,5353,5086.9,5322.5,5677.2,5315.1,5264.6,5717.5,5402.2,5599,5174.8,5350.8,5336.2,5626.5,5562.8,..
Cereal yield (kg per hectare),AG.YLD.CREL.KG,Jamaica,JAM,1115.7,1285.1,1493.5,1572.8,1405.8,1362.3,1374.5,1159.8,1149.6,1220.5,1146.8,1209.1,1179.8,1230.3,1185.4,1255.9,1228.9,1222.2,1294.2,1315.7,1266.9,1356.4,1282.8,1200.3,1138.7,1143.1,1090.1,1162.5,1148.5,1125.8,1114.3,1118,..
Cereal yield (kg per hectare),AG.YLD.CREL.KG,Japan,JPN,5846.3,5415.6,5876.7,4429.4,6448.7,6003.2,6154.5,6061.5,5809.5,5998.9,6256.6,6107,6085.5,5451,5942.3,6154,5852.4,6062.1,6262.4,5919.5,5853.7,6010.6,6248.5,6281.5,6325.1,6316.7,6253.4,6284.5,6404.7,6546.7,6472.9,6787.3,..
Cereal yield (kg per hectare),AG.YLD.CREL.KG,Jordan,JOR,1220,937.7,1197.5,1370.4,1246.9,1186.4,1325.3,899.7,1038.3,1841.8,1205.8,1097.8,1145.1,1237.2,966.3,1087.7,748.6,710.4,698.4,858.9,1355.9,1555,1323.1,1446.9,1315.9,1115.3,1274.9,1309.6,1524.3,1641.8,2146.1,2290.1,..
Cereal yield (kg per hectare),AG.YLD.CREL.KG,Kazakhstan,KAZ,..,..,1338.4,988.5,839.3,580.7,722.5,876.1,561.1,1303.8,942.5,1216.6,1145.7,1077.5,884.3,998.2,1170.9,1326.9,1011.3,1253.1,804.1,1688.6,865,1164.9,1172.7,1278.1,1347.7,1355,1359.8,1154.5,1288.6,1049,..
Cereal yield (kg per hectare),AG.YLD.CREL.KG,Kenya,KEN,1561.8,1712.4,1661.1,1461.2,1918.2,1753.1,1402.6,1397.2,1590,1427.7,1375,1639.6,1488.3,1594,1805.7,1646.1,1646.4,1773.1,1417.5,1242.8,1710.1,1514.6,1744.8,1661.5,1583.4,1772.7,1383.1,1426,1709.2,1607.9,1842.6,1487.6,..
Cereal yield (kg per hectare),AG.YLD.CREL.KG,Kiribati,KIR,..,..,..,..,..,..,..,..,..,..,..,..,..,..,..,..,..,..,..,..,..,..,..,..,..,..,..,..,..,..,..,..,..
Cereal yield (kg per hectare),AG.YLD.CREL.KG,"Korea, Dem. People's Rep.",PRK,3923.4,5607.9,5593.8,6126.8,4733.8,2511.2,1858.7,1994.5,3115.7,2856.6,2375.4,3015.7,3190.8,3250.3,3429.6,3367.8,3543.7,2921.5,3554.9,3364.4,3424,3586.3,3922.4,3979.6,4151.8,3654,4079.7,4015.9,3506.8,4385.7,3495.7,3387.9,..
Cereal yield (kg per hectare),AG.YLD.CREL.KG,"Korea, Rep.",KOR,5853,5639,5937.6,5322.1,5872.1,5765.3,6403.1,6602.9,6030.7,6314.1,6379.5,6465.6,6017.1,5786.9,6427,6302.3,6299.9,6035.3,6630,6745.3,6202.2,6292.7,6135.8,6479.2,6618,6814.9,6792.7,6678.5,6607.2,6538.6,6212,6809.4,..
Cereal yield (kg per hectare),AG.YLD.CREL.KG,Kosovo,XKX,..,..,..,..,..,..,..,..,..,..,..,..,..,..,..,..,..,..,..,..,..,..,..,..,..,..,..,..,..,..,..,..,..
Cereal yield (kg per hectare),AG.YLD.CREL.KG,Kuwait,KWT,3652.7,2930.3,5939.1,4602.3,9148.1,6738.8,6496.2,6118.4,4922.3,4470,5611.2,5844,7329.6,10253.4,6188.9,6423.2,8717.7,10498.9,9235.8,7977.4,10805.8,14171.5,13782.5,17975.1,21865.5,6542.5,5220.5,5656.2,10483.2,17625.4,13393.1,11216.7,..
Cereal yield (kg per hectare),AG.YLD.CREL.KG,Kyrgyz Republic,KGZ,..,..,2782.6,2471.6,1813.2,1630.8,2158.2,2373,2493.5,2483.6,2669.3,2866.9,2665.4,2774.2,2876.5,2677.9,2550.6,2512.9,2380.2,3034.2,2610.5,2603.1,2367.1,2904,2276.3,2999,3104.2,3093.4,3162.2,3233.9,3260.4,2334.9,..
Cereal yield (kg per hectare),AG.YLD.CREL.KG,Lao PDR,LAO,2268,2186.6,2611,2242.8,2555.2,2492.7,2523.3,2719.1,2687.6,2899.8,3017.7,3094.4,3244.5,3116.7,3261.4,3577.2,3634.4,3837.3,4015.5,4170.1,3831.5,4043.3,4081.7,4195.6,4507.8,4608.2,4626.7,4497.7,4504.2,4317.6,4014.3,4392.2,..
Cereal yield (kg per hectare),AG.YLD.CREL.KG,Latvia,LVA,..,..,1641.2,1774.4,1842.7,1687,2153.3,2144.2,2057.7,1885,2199,2091.5,2478.3,2176,2426.2,2802.9,2264,2941.6,3104.4,3075.3,2775.5,2738,3767.5,3373.8,3486.5,4513.1,3828.4,4250.2,3026.3,4310.1,4662.8,3900.2,..
Cereal yield (kg per hectare),AG.YLD.CREL.KG,Lebanon,LBN,1878.3,2024.9,2099.9,2154.6,2067.9,2568.9,2449.7,1639.1,1943.3,1738.3,2414.9,2911.7,2467.5,2372,2727.6,2703.1,2684.8,2189.7,2687.7,2618.9,2624.9,2763.2,2889.3,2981.4,3386,3268.6,3155.5,2898.5,2966.6,3117.2,2371.5,2178.2,..
Cereal yield (kg per hectare),AG.YLD.CREL.KG,Lesotho,LSO,1036.9,460.3,612.1,972.6,818.2,776.4,1183.6,1015.8,1353.3,943.3,718.8,995.5,736.3,609.1,595.4,686.8,522.5,435.6,390,421,909.1,663.1,653.5,764.4,680.6,658.3,466.9,986.8,713.8,695.5,433.3,710.8,..
Cereal yield (kg per hectare),AG.YLD.CREL.KG,Liberia,LBR,1028.6,909.1,916.7,1083.3,1111.1,1124,1249.3,1245.6,1293.4,1277.2,1278,1115.4,916.7,833.3,916.7,1290,1261.5,1448.8,1553.4,1183.5,1178.6,1173.1,1285.3,1250.1,1172,1129.1,1073.2,1059.5,1083.6,1128.2,1162.5,1065,..
Cereal yield (kg per hectare),AG.YLD.CREL.KG,Libya,LBY,674.5,701,702.1,696.5,676.2,679.1,678,836.9,705.7,652.1,637.7,619.4,632.3,620,620,622.8,622.6,623,621.7,634.1,669.9,664.5,679.3,663.8,666.8,665.3,669.9,676,688.7,676.3,672.9,673.4,..
Cereal yield (kg per hectare),AG.YLD.CREL.KG,Liechtenstein,LIE,..,..,..,..,..,..,..,..,..,..,..,..,..,..,..,..,..,..,..,..,..,..,..,..,..,..,..,..,..,..,..,..,..
Cereal yield (kg per hectare),AG.YLD.CREL.KG,Lithuania,LTU,..,..,1933.2,2102,1753.4,1852.8,2417.2,2529.4,2448.4,2020.8,2707.5,2505,2765.9,3037,3254.9,2940.2,1929.4,3007.1,3348.2,3449.6,2763.5,3029.9,4015.3,3687.8,3975.2,4564.6,3859.8,4230.2,3181.2,3858.9,4734.2,3937.2,..
Cereal yield (kg per hectare),AG.YLD.CREL.KG,Luxembourg,LUX,..,..,..,..,..,..,..,..,..,..,5328.8,5142.3,5748,5678,6396.6,5634.8,5596.8,5202.9,6106.4,6202.1,5593.3,5193.2,5522.7,5967.4,5935.5,6027.1,4999.6,5339.5,5993.5,5972.6,5736.8,5593.3,..
Cereal yield (kg per hectare),AG.YLD.CREL.KG,"Macao SAR, China",MAC,..,..,..,..,..,..,..,..,..,..,..,..,..,..,..,..,..,..,..,..,..,..,..,..,..,..,..,..,..,..,..,..,..
Cereal yield (kg per hectare),AG.YLD.CREL.KG,Madagascar,MDG,1945.3,1927.5,1934.2,1924.4,1926.3,1968,2007.9,2000.8,1875.4,1962.3,1890.9,2020.7,1967.4,2201.7,2353.2,2514.5,2565.3,2620.1,2811.3,3183.4,3271.6,3238,3289.2,3203.2,3010.1,3057.8,2852.1,2750.2,2644.8,2389,2469.1,2675.3,..
Cereal yield (kg per hectare),AG.YLD.CREL.KG,Malawi,MWI,991.5,1141,481.6,1488.8,896.4,1309.2,1390.6,1054.4,1322.1,1745.4,1675.5,1175.5,1045.7,1209,1020.6,777.8,1444.7,2467,1598.7,2124.3,1906.9,2094.3,2087.1,2068.8,2218.1,1590.6,1347.4,1903.1,1531.2,1874,2004.4,2441,..
Cereal yield (kg per hectare),AG.YLD.CREL.KG,Malaysia,MYS,2740.3,2787.4,2953.1,3003,3031.9,3119.2,3200,3023.3,2843.2,2910.3,3039.5,3108.1,3232.1,3347.2,3314.9,3407,3383.6,3540.6,3599.2,3734.7,3659.9,3780.2,3866.7,3948,3033.9,4054.2,4013.2,3797.4,3816.8,3552.2,3706.4,3801.7,..
Cereal yield (kg per hectare),AG.YLD.CREL.KG,Maldives,MDV,1000,1000,1000,1000,999.9,1000,1000,1217,1226.8,1350.5,1476.6,1622.4,1671.4,1502.4,1970.1,1764.7,1928.6,1958.8,2078.8,2141.7,2247.1,2372.2,2494.2,2527.8,2309,2280.1,2467.8,2391.6,2415.4,2365,2337.8,2324.4,..
Cereal yield (kg per hectare),AG.YLD.CREL.KG,Mali,MLI,726.4,1055.3,738,762.8,817.8,810.1,1100.6,1063.9,1204.2,1174.1,1006.5,986.3,788.6,981.4,1206.5,1089.5,1124.8,1101.2,1397.7,1800.4,1452.8,1046.8,1506.8,1512.4,1550.7,1575.5,1607.5,1601.9,1728.9,1767.7,1686,1441.2,..
Cereal yield (kg per hectare),AG.YLD.CREL.KG,Malta,MLT,3743.1,3136.4,3026,2703.7,2607.1,2508.5,3500,3904.8,3790.7,3869.7,4007.5,4000,4781.3,4013.6,4083.2,4129,4032.3,4238.8,4714.3,4789.2,4691.1,4670.9,4639.7,4668.6,4740.4,4824.3,4820.4,4879.9,..,..,..,..,..
Cereal yield (kg per hectare),AG.YLD.CREL.KG,Marshall Islands,MHL,..,..,..,..,..,..,..,..,..,..,..,..,..,..,..,..,..,..,..,..,..,..,..,..,..,..,..,..,..,..,..,..,..
Cereal yield (kg per hectare),AG.YLD.CREL.KG,Mauritania,MRT,869.8,673.7,862.1,849,667.8,772.3,849.6,782.1,894.5,864.2,864.4,639.1,1011.8,797.7,637.5,841.2,661.3,705.8,765.8,713.3,955.2,1374.5,1034.4,1197,1678.8,1265.9,1198.3,1865.4,1511.8,1345.5,1321.8,2046.1,..
Cereal yield (kg per hectare),AG.YLD.CREL.KG,Mauritius,MUS,4190.8,3723.8,4434.6,4243,3728.8,3853.3,4866.7,5043.5,5180,4902.4,8900,7203.7,7763.2,6555.6,6473.7,7539.7,7793.1,9453.7,7541,8000,6833.3,3901.8,3389.6,3219.1,3765.1,2695.9,3455,5234.8,5272.7,6880,8942.5,8640.6,..
Cereal yield (kg per hectare),AG.YLD.CREL.KG,Mexico,MEX,2424.4,2426.9,2708.2,2639.4,2518.3,2519.6,2552.9,2678.7,2639.3,2708.1,2760.9,2855.2,2913.1,2964,3078.6,3130.8,3213.3,3353,3452.3,3433.7,3501.2,3240.5,3453.4,3386.9,3581.9,3470.1,3748.8,3799.7,3826.3,3992.4,3806.5,3878.9,..
Cereal yield (kg per hectare),AG.YLD.CREL.KG,"Micronesia, Fed. Sts.",FSM,..,1200.4,1208.9,1206.1,1213.2,1193.5,1217.9,1220.9,1224,1227.3,1230.8,1234.7,1238.9,1243.5,1254.6,1272.2,1287.4,1192.9,1366.1,1421.4,1475.2,1528.1,1674.3,1673.8,1670.5,1678.1,1697.3,1722.4,1699.5,1674.3,1699,1691.3,..
Cereal yield (kg per hectare),AG.YLD.CREL.KG,Moldova,MDA,..,..,2928.2,3832.4,2181.6,2989.5,2288.5,3432.6,2748.9,2443.9,2032.8,2487.1,2502.8,2353.5,2832,2793.4,2550.2,2110.9,3221.6,2372.7,2734,2865.9,2344.2,2851.8,3162.3,2370.9,3197.3,3651.9,3683.2,3859,1893.6,4947.7,..
Cereal yield (kg per hectare),AG.YLD.CREL.KG,Monaco,MCO,..,..,..,..,..,..,..,..,..,..,..,..,..,..,..,..,..,..,..,..,..,..,..,..,..,..,..,..,..,..,..,..,..
Cereal yield (kg per hectare),AG.YLD.CREL.KG,Mongolia,MNG,1098.2,970.3,833.4,858.4,732,735,660.5,756.7,634.1,606.2,770.1,708.4,585.4,785.3,787.5,474.3,1098,942.5,1382.8,1551.8,1370.3,1487.2,1565.3,1319.8,1668,574.7,1279.6,843.7,1379.6,1271.9,1218.6,1420,..
Cereal yield (kg per hectare),AG.YLD.CREL.KG,Montenegro,MNE,..,..,..,..,..,..,..,..,..,..,..,..,..,..,..,..,2971.2,1992.4,3239.7,3347.9,3321.4,3305.7,2638.8,3770.5,3451.5,3146.5,3261.7,3288,3311.8,3166.8,3260,3330.7,..
Cereal yield (kg per hectare),AG.YLD.CREL.KG,Morocco,MAR,1120,1575.9,587.7,560.4,1584.9,446.5,1687.2,833.9,1122.7,743.5,366.8,894.6,1068.7,1432.9,1512.1,783.9,1652.1,516.4,1002.9,1919.4,1547.5,1614.4,1016.6,1828.3,1454.3,2140.7,936,1757.4,2263.3,1453.8,747.4,2328.2,..
Cereal yield (kg per hectare),AG.YLD.CREL.KG,Mozambique,MOZ,476.7,344.2,177.6,564.7,520.3,652.4,821.8,821.4,839,985.4,868.1,880.1,588.7,819.2,774.2,428.4,692.4,581.4,533.5,884.3,1028.4,1041.1,1191.6,564.8,702.6,733.1,650.8,661.9,789.2,835.4,672.1,1008.5,..
Cereal yield (kg per hectare),AG.YLD.CREL.KG,Myanmar,MMR,2762.5,2658.2,2706.8,2839,2944.5,2777,2853.8,2770.6,2799.3,2963.4,3053.6,3109.8,3113.1,3236.8,3332.9,3441,3555.7,3667.6,3767.7,3781.6,3798.1,3589.8,3557.6,3592.9,3636.4,3657.2,3606.8,3643.2,3707,3660.4,3651.7,3612.2,..
Cereal yield (kg per hectare),AG.YLD.CREL.KG,Namibia,NAM,457.1,547,159,356.1,334.5,220.1,274,446.6,379,214.4,391.2,440.9,270.8,301.5,418.3,465.6,620.5,481.3,495.5,364.8,405,427.5,431.1,458.7,226.1,370.7,261.5,426.3,502.5,731.5,429.5,517.3,..
Cereal yield (kg per hectare),AG.YLD.CREL.KG,Nauru,NRU,..,..,..,..,..,..,..,..,..,..,..,..,..,..,..,..,..,..,..,..,..,..,..,..,..,..,..,..,..,..,..,..,..
Cereal yield (kg per hectare),AG.YLD.CREL.KG,Nepal,NPL,1920.1,1848.2,1726,1858.8,1773.1,1891.3,1957.9,1946.6,1960.2,2003.1,2136.3,2177,2165.6,2200.9,2311.2,2311.6,2273.5,2213.3,2356.2,2369.1,2289.9,2476.5,2714.2,2569.7,2747.9,2743.9,2605.4,2795.7,2932,3093.6,3196.3,3208.4,..
Cereal yield (kg per hectare),AG.YLD.CREL.KG,Netherlands,NLD,6990.1,7063.4,7459.2,7998.4,7164.5,7769.2,8292.9,7176.1,7307,7469.8,7905.5,7280.5,7313.9,7956.8,8066.3,7879.7,7854.2,7289.7,8332.3,9032.9,8569.3,7800.8,8545,8630.1,9073.7,8752.8,7776.9,8794.5,7905.1,8654.2,7919.9,7872.3,..
Cereal yield (kg per hectare),AG.YLD.CREL.KG,New Caledonia,NCL,1865.1,2331.1,3003.7,2869.2,2259.1,3181.3,3754.5,3704.1,3718.9,3877.5,3995.8,3941.2,3870.1,4029.1,4012.8,3885.1,3956,4129.3,3820.9,3805.7,3923.5,3462.7,4610.9,4018.8,4800.1,4540,5713.9,6853.6,7868,7031.1,8689.9,7810.9,..
Cereal yield (kg per hectare),AG.YLD.CREL.KG,New Zealand,NZL,5034,5144.1,5300.1,5277.9,5593.4,5625.4,5774.3,5892.2,6294.4,6168.7,6316.5,6534.7,6276.3,7059.9,6462.1,7566.2,7028.7,7916.4,7379.8,6909.9,7387.1,6953.2,8012,8105.6,8033.9,8026.6,8383.8,8464.4,8064.3,8205,9039.3,8728.4,..
Cereal yield (kg per hectare),AG.YLD.CREL.KG,Nicaragua,NIC,1524.5,1417.1,1688.1,1787.1,1725.2,1681.3,1689.3,1686.4,1706.5,1634,1687.7,1692.9,1731.9,1860.2,1798.1,1778.7,1902.3,1822.5,1811,2076.7,2086.1,1994.8,1944.2,1763.2,1914.3,1940.4,1933.7,2104.1,2281.8,2248.8,2223.7,2403.2,..
Cereal yield (kg per hectare),AG.YLD.CREL.KG,Niger,NER,310.3,333.2,309.2,326.2,267.9,312.3,291,287.7,389.5,380.1,289.2,394.4,422.9,429.5,341.5,436.6,449.6,424.8,496.5,386,494.8,362.8,520.3,407.7,446.8,551.3,536.5,541.9,554.7,501.5,560.2,349.6,..
Cereal yield (kg per hectare),AG.YLD.CREL.KG,Nigeria,NGA,1147.9,1094.1,1164,1153.1,1132.3,1210.5,1220.4,1182.8,1201.8,1239.3,1171.5,1233.6,1255.2,1308.8,1372.8,1421.7,1507.5,1399.8,1598.4,1531.1,1528,1334.4,1399,1234.7,1552.4,1552.7,1733.4,1614.7,1687.7,1651.7,1666.9,1636.6,..
Cereal yield (kg per hectare),AG.YLD.CREL.KG,North Macedonia,MKD,..,..,2651.5,2011.5,2695.7,3006.8,2454.7,2748.1,3079.5,2940.6,2565,2287.8,2901.3,2422.3,3596.7,3205,3243.5,2625.2,3536.9,3385.9,3329.6,3502.1,2839.3,3381.3,3900,3051.1,3859.2,2807.5,3714.6,3554,3664.2,3537.8,..
Cereal yield (kg per hectare),AG.YLD.CREL.KG,Northern Mariana Islands,MNP,..,..,..,..,..,..,..,..,..,..,..,..,..,..,..,..,..,..,..,..,..,..,..,..,..,..,..,..,..,..,..,..,..
Cereal yield (kg per hectare),AG.YLD.CREL.KG,Norway,NOR,4399.3,4015.5,2810.5,3923.4,3129.6,3629.3,4026.3,3885.9,4044.9,3709.5,3930.9,3709.5,3495.2,3940.7,4400.6,3992.9,3674.5,3855,4488.1,3446.3,4004.2,3436.9,3686.8,3374.3,4363.4,4803,4651.6,4561.4,2656.2,4709.8,4683.8,4180.4,..
Cereal yield (kg per hectare),AG.YLD.CREL.KG,Oman,OMN,2159.7,5251.5,5277.7,5254.9,5212.3,5156.4,5148.1,5128.2,5231,5181.5,5154.3,5100.9,5096,5066.8,4832.4,5019.1,4852.8,4868.3,4774.8,12179.6,9420.7,9423.9,9480.7,9047.3,7750.2,13982.3,12928.2,12960.6,13291,13291,18835.1,16461.4,..
Cereal yield (kg per hectare),AG.YLD.CREL.KG,Pakistan,PAK,1766.4,1805.8,1884.7,1959.5,1840.9,2050.4,2046.3,2044.2,2200.3,2217.8,2404.5,2230.5,2260.2,2320.6,2430.7,2615.8,2554,2743.9,2653.7,2789.7,2611,2953.4,2862.6,3001.3,3001.2,2942.4,3020.7,3180.4,2887.2,3160.6,3353.5,3564.9,..
Cereal yield (kg per hectare),AG.YLD.CREL.KG,Palau,PLW,..,..,..,..,..,..,..,..,..,..,..,..,..,..,..,..,..,..,..,..,..,..,..,..,..,..,..,..,..,..,..,..,..
Cereal yield (kg per hectare),AG.YLD.CREL.KG,Panama,PAN,1866.7,1817.3,1772,1898.9,1943.3,1956.9,2029.9,1837.6,2247.5,2355.5,2237,2542.5,2591,2694.6,2159,2483.9,2395.5,2599.5,2694.3,2596.4,2246,2560.1,2539.8,2826.8,2983.2,2437.5,2992.5,2955.7,3227.4,3301.2,3377.4,3518.5,..
Cereal yield (kg per hectare),AG.YLD.CREL.KG,Papua New Guinea,PNG,2602.7,2389.3,2656,2680,2863.9,2983.8,3429.3,4085.1,3887.9,3981.5,4024.2,4200,4004.9,3599.2,3620.4,3741,3716.7,3886.8,3967.6,4187.7,4343.9,4789.3,4191,4640.6,4726.4,4748.4,4642.9,4853,4749.7,4654.5,4755.9,4725.3,..
Cereal yield (kg per hectare),AG.YLD.CREL.KG,Paraguay,PRY,1979.3,1649.7,1753.3,2009.7,2174.8,2092.3,2227.5,2416.1,2037.8,1951.2,1980.3,2160.3,2090.4,2323.5,2461.8,2167.9,2343.8,2698.8,2681.3,2357.4,3456.9,3481.8,3035.7,3683.2,3276.7,4148.9,4425.5,4446.5,4225.7,4601.1,4706.5,3823.1,..
Cereal yield (kg per hectare),AG.YLD.CREL.KG,Peru,PER,2603.1,2296,2500.2,2696.2,2907.9,2641.4,2858.3,2765.5,2750.4,3109.9,3084.1,3241.3,3372.9,3442.5,3278,3557.9,3520.5,3485.6,3833.2,3919,3897.9,3898,4149.6,4101.3,4017,4242.2,4370.1,4216.5,4530.7,4370.1,4557.2,4686.5,..
Cereal yield (kg per hectare),AG.YLD.CREL.KG,Philippines,PHL,2099.5,2042.3,2105.2,2212.5,2261,2273.4,2307.5,2374.7,2240.9,2464.8,2580.8,2667.8,2730.6,2823.4,2992.3,3049,3180.8,3319.8,3334.3,3228.9,3231.9,3340.6,3492.6,3531.8,3637.4,3556.1,3529,3692.3,3670.5,3737.9,3769.4,3834.8,..
Cereal yield (kg per hectare),AG.YLD.CREL.KG,Poland,POL,3283.8,3190.8,2399,2753,2566.1,3022.4,2901.1,2854.1,3071,2959.4,2534.8,3056.4,3240.8,2865.4,3537.6,3233.1,2598.2,3249.5,3217.2,3475.1,3584,3430.4,3704.9,3804.4,4268,3727.8,4033.5,4199.6,3366.7,3605.3,4691.7,4562.5,..
Cereal yield (kg per hectare),AG.YLD.CREL.KG,Portugal,PRT,1877.7,2162.1,1805.4,2049,2406.9,2063.6,2462.4,2187.2,2760.6,2795,2793.5,2645.3,2918.6,2643.2,2965.6,2114,3209,3415.7,3589.7,3289.9,3351.3,4088.4,4091.6,4336.4,4416,4606.9,4422.4,4759.7,4809,5176.5,4881.3,5379.7,..
Cereal yield (kg per hectare),AG.YLD.CREL.KG,Puerto Rico,PRI,1080,1149.4,1069.8,1732.8,1410.3,1500,1595.7,1708.3,1870.6,1750,1730.8,1754.2,1791.8,1837.9,1877,1917.5,1851.9,2039.8,2135.7,2192.9,2510.9,2648.4,2788.3,2925.7,2110,3010.5,2836.4,2822.3,2914.7,2862.1,2869.1,2883.4,..
Cereal yield (kg per hectare),AG.YLD.CREL.KG,Qatar,QAT,2897.4,2781.2,3145.4,3048.3,3169.8,3188,3377.8,3377,3362.6,3797.9,4099.4,4046.7,4069.6,3706.4,4121.6,3649.2,3547.4,4155.2,4921.9,6323.6,7592.6,6049.8,6076.4,5719,6494.7,5845.8,4692.7,4996.4,8709.4,6594.9,7124.6,8431.1,..
Cereal yield (kg per hectare),AG.YLD.CREL.KG,Romania,ROU,3010.8,3191.7,2128.3,2422.7,2772.9,3085.1,2430.3,3541.4,2642.7,3188.1,1927.8,3029.4,2512.5,2534.9,3997.4,3334.2,3102.3,1645.2,3247.3,2824.8,3329.7,3993,2364.1,3863.2,4069.2,3543.9,3971.3,5227.7,5997.2,5457.5,3398.6,5187.8,..
Cereal yield (kg per hectare),AG.YLD.CREL.KG,Russian Federation,RUS,..,..,1743.2,1635.8,1457.8,1255.4,1427.3,1788.2,1298.7,1450.8,1561.4,1934.7,1969.1,1777.4,1876.5,1852.7,1886.9,1989.8,2387.3,2280.6,1842.7,2260.3,1858.9,2241,2444,2391.7,2650.8,2967.1,2615.9,2713.8,2905.4,2705.5,..
Cereal yield (kg per hectare),AG.YLD.CREL.KG,Rwanda,RWA,1042.6,1258.1,962.9,1459.2,1035.3,1139.5,1263,1129.1,972.6,824.8,848.3,913,1028.4,944.3,959.3,1183.6,1137.9,1015,1267.3,1736,1959.9,2083.2,2155.5,2151.4,1976.9,1445.8,1464,1285.3,1433.9,1446.4,1459.2,1504.7,..
Cereal yield (kg per hectare),AG.YLD.CREL.KG,Samoa,WSM,..,..,..,..,..,..,..,..,..,..,..,..,..,..,..,..,..,..,..,..,..,..,..,..,..,..,..,..,..,..,..,..,..
Cereal yield (kg per hectare),AG.YLD.CREL.KG,San Marino,SMR,..,..,..,..,..,..,..,..,..,..,..,..,..,..,..,..,..,..,..,..,..,..,..,..,..,..,..,..,..,..,..,..,..
Cereal yield (kg per hectare),AG.YLD.CREL.KG,Sao Tome and Principe,STP,1928.6,2117.6,2222.2,2193.5,2263.2,2222.2,2250,2222.2,1931.4,2100,2230,2173.9,2107.4,2131.1,2145.7,2223.9,2454.5,2307.7,2153.8,1538.5,1615.2,2099.5,2099,2096,2065,2033.2,2012.5,2002.3,2017.4,2020.4,2013.5,2006.5,..
Cereal yield (kg per hectare),AG.YLD.CREL.KG,Saudi Arabia,SAU,4244.8,4200.7,4191.6,4462.4,4546.5,3784.4,3429.5,3562.8,3540.5,3575.5,3516.4,3932,4047.6,4228.9,4675.2,4753.2,5047.1,5121.8,5221.3,4874.4,5507.8,5483.3,5164.2,5359.8,5192.8,5582.8,5440.9,5630.9,5675.8,5295.4,4856.9,5021.7,..
Cereal yield (kg per hectare),AG.YLD.CREL.KG,Senegal,SEN,795,822.6,798.6,836.5,757.7,872,758.5,716.7,667.8,870.4,879.4,887.1,651.6,1090.7,974.5,1201.1,879,722.5,1174.2,1134.6,1196.5,966.9,1221.3,1124.1,1111.5,1376.1,1350.6,1476.2,1644.3,1601.3,1821.6,1864,..
Cereal yield (kg per hectare),AG.YLD.CREL.KG,Serbia,SRB,..,..,..,..,..,..,..,..,..,..,..,..,..,..,..,..,4455.2,3232.6,4570.6,4601.1,4958.8,4751.4,3701.7,5157.8,5960.6,4787.3,6165.9,3967.9,6130.6,6126.9,6559.4,5768.6,..
Cereal yield (kg per hectare),AG.YLD.CREL.KG,Seychelles,SYC,..,..,..,..,..,..,..,..,..,..,..,..,..,..,..,..,..,..,..,..,..,..,..,..,..,..,..,..,..,..,..,..,..
Cereal yield (kg per hectare),AG.YLD.CREL.KG,Sierra Leone,SLE,1201.7,1233.7,1234,1187.8,1161.1,1195,1253.3,1205.6,1111.6,1118.9,1078.2,998.2,995.9,1011.8,1000.3,1117.8,1347.6,1290.4,1350.9,1645.9,1747.2,1751.1,1539,1777.5,1519.7,1339.7,1092.3,1141.7,812.7,1520.6,1633.2,2000.4,..
Cereal yield (kg per hectare),AG.YLD.CREL.KG,Singapore,SGP,..,..,..,..,..,..,..,..,..,..,..,..,..,..,..,..,..,..,..,..,..,..,..,..,..,..,..,..,..,..,..,..,..
Cereal yield (kg per hectare),AG.YLD.CREL.KG,Sint Maarten (Dutch part),SXM,..,..,..,..,..,..,..,..,..,..,..,..,..,..,..,..,..,..,..,..,..,..,..,..,..,..,..,..,..,..,..,..,..
Cereal yield (kg per hectare),AG.YLD.CREL.KG,Slovak Republic,SVK,..,..,..,3775.8,4304.7,4116.4,4014.1,4388.2,4054.9,3857.4,2709.9,3889.7,3899.7,3136,4641.8,4511.8,3996.3,3561.2,5175.3,4331.5,3737.3,5009,3829.1,4490.4,6038.7,5079.6,6430.4,4856,5409.7,5336,6129.8,5976.8,..
Cereal yield (kg per hectare),AG.YLD.CREL.KG,Slovenia,SVN,..,..,3230.1,3765.1,5024,4998.3,4857.9,5632.3,5793.1,5186.4,4803.1,4734.5,6117.9,4011.5,5826.2,6006.9,5116,5341.3,5474.7,5268.3,5981,6373.8,5761.9,4615.5,6472.5,6283.9,6464.6,5540,6071.9,6503.1,7385.5,6864.8,..
Cereal yield (kg per hectare),AG.YLD.CREL.KG,Solomon Islands,SLB,3571.4,4823.7,4728.4,4633.1,4537.9,4442.6,4533.7,3854.4,3939.4,4500,4649.5,4649.6,4598.4,3207.6,3125,3000,3350.5,3001.1,2545.5,2272.7,2091.5,2248.5,2151.7,2039,1914,1879.7,1936.2,1873.3,1899.4,1897.7,1889.4,1899.3,..
Cereal yield (kg per hectare),AG.YLD.CREL.KG,Somalia,SOM,793.1,560.9,504.7,452.5,410.4,494.6,504.5,481.1,419.6,581.7,733,812.7,769.8,688,581.1,650.9,493.7,605.8,557.5,416.4,575.2,457.2,1190,964,582.9,593.8,507.3,506.6,710.2,522.2,502.5,502.6,..
Cereal yield (kg per hectare),AG.YLD.CREL.KG,South Africa,ZAF,1877.3,1986.1,944.7,2160.1,2585,1419.2,2490.2,2271.8,2181.7,2191.4,2765.9,2424.1,2772.6,2536.8,2777.9,3309.6,3141,2790.3,4063.2,4405.5,4150.4,4017,4243.5,4043,4899.6,3348.4,3623.1,5331.8,4652.1,4101.4,5120.6,5124.7,..
Cereal yield (kg per hectare),AG.YLD.CREL.KG,South Sudan,SSD,..,..,..,..,..,..,..,..,..,..,..,..,..,..,..,..,..,..,..,..,..,..,705.2,765.6,1253.7,907.3,879.1,885.2,843.7,880.5,885.5,844.6,..
Cereal yield (kg per hectare),AG.YLD.CREL.KG,Spain,ESP,2484.5,2488.9,1955,2717.4,2348.3,1729.7,3303,2764.4,3395.9,2705.2,3603.3,2804.7,3222,3250.7,3750.1,2159.3,3028.2,3933.9,3573.5,2944.8,3291.5,3691.8,2842.5,4047.1,3248.5,3243.1,3877.8,2770.2,4205.5,3445.5,4501.5,4227.4,..
Cereal yield (kg per hectare),AG.YLD.CREL.KG,Sri Lanka,LKA,2965,2925.8,2957.7,3024.2,2902,3052.6,3008.5,3143.2,3400.1,3192,3338.2,3424.9,3405.1,3282.6,3563.7,3467.2,3579.8,3727.9,3616.7,3790.6,3974.3,3520.8,3582.9,3833.5,3801.9,3849.3,3845.3,3054.6,3777.1,4737.4,4746.8,4557.2,..
Cereal yield (kg per hectare),AG.YLD.CREL.KG,St. Kitts and Nevis,KNA,..,..,..,..,..,..,..,..,..,..,..,..,..,..,..,..,..,..,..,..,..,..,..,..,..,..,..,..,..,..,..,..,..
Cereal yield (kg per hectare),AG.YLD.CREL.KG,St. Lucia,LCA,..,..,..,..,..,..,..,..,..,..,..,..,..,..,..,..,..,..,..,..,..,..,..,..,..,..,..,..,..,..,..,..,..
Cereal yield (kg per hectare),AG.YLD.CREL.KG,St. Martin (French part),MAF,..,..,..,..,..,..,..,..,..,..,..,..,..,..,..,..,..,..,..,..,..,..,..,..,..,..,..,..,..,..,..,..,..
Cereal yield (kg per hectare),AG.YLD.CREL.KG,St. Vincent and the Grenadines,VCT,3566.8,3333.3,3374.3,3465.7,3580.8,3758.1,3333.3,4292.2,3333.3,3000,15000,14285.7,14857.1,14825,14444.4,14418.6,13571.4,12181.8,12727.3,16750,18774.2,27640,25878.8,23958.3,24485.7,24218.8,24742.9,28225,27837.8,28125,29241.4,30313.8,..
Cereal yield (kg per hectare),AG.YLD.CREL.KG,Sudan,SDN,463,681.2,651.6,503.2,508.3,424.9,607,430.5,594,429.5,505.2,626.2,487.2,643.7,657.2,505.8,644.8,729.5,567.1,587.3,451.7,563.8,537.3,592.8,682.7,569.9,684.8,599.2,730.6,552.9,489.6,566.8,..
Cereal yield (kg per hectare),AG.YLD.CREL.KG,Suriname,SUR,3765.1,3813.4,3795.1,3694,3626.9,3515.7,3700.7,3980.8,3756.5,3718.6,3896,3765.8,3921.2,3693.8,3559.2,3597.7,4128.7,4252.7,4188.7,4208.9,4232.4,4132.7,4361.9,4495.8,4433,4529.6,4433,4879,4868.4,4555.3,4319.1,4638.3,..
Cereal yield (kg per hectare),AG.YLD.CREL.KG,Sweden,SWE,4963.7,4492.6,3359.4,4758.9,3891.4,4358.6,4893.6,4718.3,4379.7,4276.3,4560.3,4583.3,4780.4,4584.5,4892.9,4932.3,4292.2,5150.8,4820.5,5078.9,4510.4,4712.9,5101.8,5123.5,5646.9,6053.6,5438.2,5992.3,3535.5,6292.1,5994.4,5064.7,..
Cereal yield (kg per hectare),AG.YLD.CREL.KG,Switzerland,CHE,5983.9,6103.6,5877.4,6209,5807.6,6068.8,6706.8,6407,6641,5643.1,6402.2,6011.9,6269.8,5086.5,6732.5,6300.4,6165,6418.5,6413.1,6578.3,6093.9,6874.6,6464.3,5945.6,7044.6,6431.9,5154.6,6800.2,6332.3,6580.8,6978,5526.7,..
Cereal yield (kg per hectare),AG.YLD.CREL.KG,Syrian Arab Republic,SYR,750,922.4,1174.8,1489.3,1536.5,1661.1,1853.2,1273.2,1585,1072.4,1148.6,1692.6,1993.5,1999,1657.5,1711.4,2002.3,1622.4,896.7,1707.7,1231.9,1679,1643.5,1576,1063.1,1905.8,1108.9,1233.4,750,2203.9,1832.3,820.4,..
Cereal yield (kg per hectare),AG.YLD.CREL.KG,Tajikistan,TJK,..,..,993.7,963.8,880.8,915.9,1038.8,1314.2,1235.3,1235.5,1310.7,1397.9,1889.3,2100.6,2150.4,2164.4,2158.7,2440,2141,3119.4,3117.2,2519.3,2891.1,3159.4,3189.4,3261,3348.7,3459.5,3404.4,3636.7,3484.7,3609.6,..
Cereal yield (kg per hectare),AG.YLD.CREL.KG,Tanzania,TZA,1506.5,1234.1,1087.6,1227.4,1151.7,1702.8,1588.1,1101.2,1198.8,1766.4,1440.7,2043.5,1899.5,858.1,1370.6,1101.6,1326.7,1427.3,1333.9,1110.4,1647.9,1390.4,1314.8,1418,1524.8,1449.4,1570.4,1692,1938.5,1883.3,1698.4,1651.1,..
Cereal yield (kg per hectare),AG.YLD.CREL.KG,Thailand,THA,2009.2,2295.4,2254.1,2119.9,2409.4,2507.4,2525.7,2456.4,2522.6,2537.4,2719,2952.6,2998.3,2998.8,2961,3046.8,3009.5,3089.4,3063.5,2995.9,3071.3,3257.2,3256.6,3214,3141.1,2958.7,3058.8,3172.3,3151.4,3021.1,3013.7,3092.6,..
Cereal yield (kg per hectare),AG.YLD.CREL.KG,Timor-Leste,TLS,1608.1,1737.5,1735.4,2031.7,2025.2,2017.4,2046.6,1779.4,2094.9,1555.8,1936.8,1338.7,1667.2,1443.4,1562.7,1541.9,1503.4,1276.1,1442.7,2315.5,2451.4,2586.1,2089.9,2656.4,2923.1,2595.7,2567.9,2383.3,2300.4,2354.2,2658.5,1201.9,..
Cereal yield (kg per hectare),AG.YLD.CREL.KG,Togo,TGO,746.8,762.7,863.3,877.6,721.7,849.3,811.4,981.1,835.4,1060.8,1058.3,1150.3,1131.1,1154.7,1094.8,1132.6,1130.7,1121.6,1144.4,1242.9,1187.4,1226.3,1112.4,1090.1,1153.1,1236.2,1130.8,1137.2,1145.2,1143,1160,1145.9,..
Cereal yield (kg per hectare),AG.YLD.CREL.KG,Tonga,TON,..,..,..,..,..,..,..,..,..,..,..,..,..,..,..,..,..,..,..,..,..,..,..,..,..,..,..,..,..,..,..,..,..
Cereal yield (kg per hectare),AG.YLD.CREL.KG,Trinidad and Tobago,TTO,3326.1,3094.4,3594.6,3262.2,3582.1,3604,3424.4,2468,2463.2,1712.4,2277.3,1449.4,1669.3,1532.7,1573.3,1555.2,1478.4,1673.8,1724.5,1657.5,1667.4,1639.5,1471.7,1610.5,1329.4,1110.4,1444.3,1627.5,1691.7,1529.7,1520.3,1588.1,..
Cereal yield (kg per hectare),AG.YLD.CREL.KG,Tunisia,TUN,1144.6,1546.3,1516.8,1210.3,893.9,1109.8,1447.1,1061.2,1296,1229,984.5,1715.3,1233.7,1515.5,1309.6,1442.8,1256.1,1622.5,1467.3,1877.6,1694.1,1710.8,1674.3,1136.2,1805.8,1102.7,1541.2,1304,1224.4,1948.5,1325.8,1453.8,..
Cereal yield (kg per hectare),AG.YLD.CREL.KG,Turkiye,TUR,2214.2,2240.5,2124.4,2255.9,1922.3,2057.3,2112.3,2151.3,2387.5,2099.8,2370.6,2178.3,2242,2308.6,2477.9,2634.4,2661.9,2410.2,2601.3,2808,2727.1,2970,2958.3,3256.9,2831.5,3307.8,3105.4,3257.4,3163.9,3200.8,3341.5,2918.5,..
Cereal yield (kg per hectare),AG.YLD.CREL.KG,Turkmenistan,TKM,..,..,2210.6,2333.6,2610.7,1700.7,824.2,1186.4,2148.6,2270.7,2122.4,2319,2921.1,2769.5,2931.6,2926.7,3288.4,1300,1100,1600,1700,1366,1272.4,1200.3,1244.4,1208.6,1418.9,1215.6,1728.8,2214.1,2191.4,2033.6,..
Cereal yield (kg per hectare),AG.YLD.CREL.KG,Turks and Caicos Islands,TCA,..,..,..,..,..,..,..,..,..,..,..,..,..,..,..,..,..,..,..,..,..,..,..,..,..,..,..,..,..,..,..,..,..
Cereal yield (kg per hectare),AG.YLD.CREL.KG,Tuvalu,TUV,..,..,..,..,..,..,..,..,..,..,..,..,..,..,..,..,..,..,..,..,..,..,..,..,..,..,..,..,..,..,..,..,..
Cereal yield (kg per hectare),AG.YLD.CREL.KG,Uganda,UGA,1497.6,1434.1,1530.1,1541,1495,1571.2,1204.9,1218.1,1526.4,1633.9,1539.4,1641.1,1638.8,1677.6,1468,1573.8,1522.9,1526,1827.7,2038.6,1978.5,2056.9,2029.1,1997.5,2080.6,2086.8,2134.2,2287.7,2327.1,2524.5,2587,2456.1,..
Cereal yield (kg per hectare),AG.YLD.CREL.KG,Ukraine,UKR,..,..,2834.1,3289.3,2724.6,2512.3,2010.2,2490.3,2109.4,2002.9,1950.8,2729.5,2752.2,2278.4,2845.2,2623,2427.7,2206.7,3486.9,3003.8,2726.6,3753.7,3156.8,4030.8,4400.2,4140.9,4651.6,4311.3,4847.3,4975.8,4293.4,5453.1,..
Cereal yield (kg per hectare),AG.YLD.CREL.KG,United Arab Emirates,ARE,2216.5,3494.1,4368.3,4164.7,6414.5,6474,6502.1,15894,17746.3,17165.8,17504.7,17476.9,18064.6,20927.8,20373.6,20215.2,20900.8,21428.6,22265.9,24716.6,18069.8,24064.3,12112.2,36761.9,14238.4,35291.3,33396.5,30801.8,20853.3,23842.3,25980.3,26226.2,..
Cereal yield (kg per hectare),AG.YLD.CREL.KG,United Kingdom,GBR,6170.9,6466,6326.9,6428.6,6556.8,6872.6,7299.9,6695.8,6661.4,7043.3,7164.8,6291.1,7076.9,7032.8,7031.8,7196.5,7278.6,6632.3,7420.2,7029.6,6953,6984.7,6215.1,6631.6,7696.5,7980.9,7022.6,7229,6788.7,7946,6241,6966.8,..
Cereal yield (kg per hectare),AG.YLD.CREL.KG,United States,USA,4755.1,4507.6,5357.8,4298.8,5560,4644.8,5175.3,5275.3,5676.5,5736.5,5854.3,5891.1,5546.8,6023.7,6851.1,6450.7,6400.4,6704.4,6598.3,7226.2,6978.1,6803.5,5911.9,7300.9,7638.1,7430.1,8614.2,8281.3,8196.4,8006.1,8145.3,8268,..
Cereal yield (kg per hectare),AG.YLD.CREL.KG,Uruguay,URY,2182.3,2419.4,2733.4,2478.6,2969.4,3187.8,3290.1,3078,3434.9,3896.2,3892,3338.6,3467.4,3504,4409.7,4339.9,4493.5,4347.2,4324.6,3884.9,4176.4,4410.9,4070.5,3766.2,4351.8,4142.9,4766.7,5056.6,3940.9,5329.7,4964.1,5499,..
Cereal yield (kg per hectare),AG.YLD.CREL.KG,Uzbekistan,UZB,..,..,2004.8,1785.3,1720.5,2052.5,2009.1,2167.1,2587.8,2630.8,2684.3,3042.9,3765.9,3522.4,3596.1,4042.1,4103.2,4396.9,4285.3,4553.1,4434.2,4414.5,4597.9,4746.4,4806.6,4835.2,4827,4298.2,4102.4,4533.6,4481.1,4735.9,..
Cereal yield (kg per hectare),AG.YLD.CREL.KG,Vanuatu,VUT,510.9,463.8,469.4,475.1,480.8,486.4,492.1,497.8,503.5,509.1,514.8,520.5,526.2,531.8,532.4,531,535.7,551.7,546.7,558.1,563.6,570.8,571.4,633.3,615.8,600.8,601.8,606.8,615.1,618.2,609.7,609.5,..
Cereal yield (kg per hectare),AG.YLD.CREL.KG,"Venezuela, RB",VEN,2486.1,2558.7,2592.8,2939.6,2962.8,2974.1,3034.3,3084,3092.5,3322.1,3247.9,3308.6,3184.8,3210.6,3385.8,3353.8,3415.7,3594.4,3428.4,3171.6,3576,3461.1,3760.2,4007.3,4040.7,3505.7,3458.2,3122.7,2883.3,3132.6,4034.8,3505,..
Cereal yield (kg per hectare),AG.YLD.CREL.KG,Viet Nam,VNM,3072.9,3006.4,3212.6,3361.6,3458.7,3570,3666.3,3758.3,3876,3971.2,4112.4,4167.3,4440.9,4506.7,4690.9,4726.2,4749.8,4846.2,4897.6,5080.3,5177.5,5381.2,5462,5425.5,5577.8,5601.2,5441,5434.4,5685.4,5715.8,5797.3,5947.1,..
Cereal yield (kg per hectare),AG.YLD.CREL.KG,Virgin Islands (U.S.),VIR,..,..,..,..,..,..,..,..,..,..,..,..,..,..,..,..,..,..,..,..,..,..,..,..,..,..,..,..,..,..,..,..,..
Cereal yield (kg per hectare),AG.YLD.CREL.KG,West Bank and Gaza,PSE,..,..,..,..,1112.5,1799.4,1622.6,1353,1555.7,649.2,2184.6,1277,2296.7,2053.6,1930.3,2094.1,1712.4,1749.5,1240.8,1214.2,1860.8,1580.6,1955.8,2182.7,2183.1,2110.5,2449.1,2187.1,2225.4,2234.7,2244.6,2271.4,..
Cereal yield (kg per hectare),AG.YLD.CREL.KG,"Yemen, Rep.",YEM,907.7,699.7,1110.3,1109.3,1091.6,1105,937.1,895.4,1081.5,1111.2,1085,1064.3,943.8,785.2,715.2,713.1,930.2,1019.5,939.1,995.2,1092.4,1022.5,1064.4,1008.2,962.7,784.2,687,699,682.8,864.9,861.1,791.8,..
Cereal yield (kg per hectare),AG.YLD.CREL.KG,Zambia,ZMB,1351.9,1640.6,763.1,2302.9,1417.5,1331.4,1911.7,1413.4,1211.2,1323.6,1682.3,1403.7,1629.6,1721.2,1825.3,1905.4,2145.9,2258.6,2188,2072.2,2540.9,2745.1,2708.8,2552.7,2774.9,3026.4,2432.2,2489.9,2168.1,2400.4,2481.6,2525,..
Cereal yield (kg per hectare),AG.YLD.CREL.KG,Zimbabwe,ZWE,1625.4,1336,412.1,1502,1134.5,548.2,1258.7,1054.2,1016.6,1069,1159.5,1193.9,539.1,795.3,1205.9,653.8,934.2,806.7,309.7,452.4,733.4,587.4,695.7,668.5,831.4,557.5,435.1,1203.3,1254.3,748,1148.6,1545.2,..
,,,,,,,,,,,,,,,,,,,,,,,,,,,,,,,,,,,,
,,,,,,,,,,,,,,,,,,,,,,,,,,,,,,,,,,,,
,,,,,,,,,,,,,,,,,,,,,,,,,,,,,,,,,,,,
Data from database: World Development Indicators,,,,,,,,,,,,,,,,,,,,,,,,,,,,,,,,,,,,
Last Updated: 12/18/2023,,,,,,,,,,,,,,,,,,,,,,,,,,,,,,,,,,,,
