Country Name,Country Code,Indicator Name,Indicator Code,1960,1961,1962,1963,1964,1965,1966,1967,1968,1969,1970,1971,1972,1973,1974,1975,1976,1977,1978,1979,1980,1981,1982,1983,1984,1985,1986,1987,1988,1989,1990,1991,1992,1993,1994,1995,1996,1997,1998,1999,2000,2001,2002,2003,2004,2005,2006,2007,2008,2009,2010,2011,2012,2013,2014,2015,2016,2017,2018,2019,2020,2021,2022
Aruba,ABW,"Annual freshwater withdrawals, total (billion cubic meters)",ER.H2O.FWTL.K3,,,,,,,,,,,,,,,,,,,,,,,,,,,,,,,,,,,,,,,,,,,,,,,,,,,,,,,,,,,,,,,
Africa Eastern and Southern,AFE,"Annual freshwater withdrawals, total (billion cubic meters)",ER.H2O.FWTL.K3,,,,,,,,,,,,,,,,,,,,,,,,,,,,,,,37.10642018,37.29008755,39.20855492,39.37335563,41.95388025,43.10539028,43.83918699,44.58678369,45.33438039,46.09807709,47.35863501,48.72267179,55.65864364,57.02385235,58.20599775,59.34599315,59.90622414,60.42380057,61.23432928,61.72825875,62.3619689,62.79661834,90.89773937,90.20676039,92.68993527,95.15636014,96.65927859,96.93095039,97.64020385,98.03707565,98.37750325,,
Afghanistan,AFG,"Annual freshwater withdrawals, total (billion cubic meters)",ER.H2O.FWTL.K3,,,,,,,,,,,,,,,,10.7,11.98425833,13.26851667,14.552775,15.83703333,17.12129167,18.40555,19.68980833,20.97406667,22.258325,23.54258333,24.82684167,26.1111,25.58118182,25.05126364,24.52134545,23.99047343,23.46031678,22.93016014,22.4000035,21.86984685,21.33969021,20.80953357,20.282,20.282,20.282,20.282,20.282,20.282,20.282,20.282,20.282,20.282,20.282,20.282,20.282,20.282,20.282,20.282,20.282,20.282,20.282,20.282,20.282,20.282,20.282,,
Africa Western and Central,AFW,"Annual freshwater withdrawals, total (billion cubic meters)",ER.H2O.FWTL.K3,,,,,,,,,,,,,,,,,,,,,,,,,,,,13.8414798,15.16596617,16.01936113,16.86752532,17.63999618,18.42754704,19.34870234,20.26985764,21.17927467,22.08873015,22.95284538,23.90410933,24.78251858,25.65923099,26.61671238,27.34649198,27.76066869,28.17484539,28.65702209,28.94188276,29.20501478,29.46948215,29.73405525,29.99862834,30.08600144,30.17589675,30.25500874,30.33532072,30.66419937,30.74137802,30.61478783,32.040511,32.2281078,32.2281078,,
Angola,AGO,"Annual freshwater withdrawals, total (billion cubic meters)",ER.H2O.FWTL.K3,,,,,,,,,,,,,,,,,,,,,,,,,,,,0.48,0.4923384615,0.5046769231,0.5170153846,0.5293538462,0.5416923077,0.5540307692,0.5663692308,0.5787076923,0.5910461538,0.6033846154,0.6157230769,0.6280615385,0.6404,0.65346,0.66652,0.67958,0.69264,0.7057,0.7057,0.7057,0.7057,0.7057,0.7057,0.7057,0.7057,0.7057,0.7057,0.7057,0.7057,0.7057,0.7057,0.7057,0.7057,,
Albania,ALB,"Annual freshwater withdrawals, total (billion cubic meters)",ER.H2O.FWTL.K3,,,,,,,,,,,,,,,,,,,,,,,,,,,,,,,1.2,1.19178,1.18356,1.17534,1.16712,1.1589,1.29468,1.43046,1.56624,1.70202,1.8378,1.75046,1.66312,1.57578,1.48844,1.4011,1.27242,1.24774,1.22306,1.19838,1.1737,1.14902,1.12434,1.09966,1.07498,0.92,1.092,1.091,0.958,1.131,0.786,,
Andorra,AND,"Annual freshwater withdrawals, total (billion cubic meters)",ER.H2O.FWTL.K3,,,,,,,,,,,,,,,,,,,,,,,,,,,,,,,,,,,,,,,,,,,,,,,,,,,,,,,,,,,,,,,
Arab World,ARB,"Annual freshwater withdrawals, total (billion cubic meters)",ER.H2O.FWTL.K3,,,,,,,,,,,,,,,,,,,,,,,,,,,,,,,,,,,,,,,,,,,,,,,,,,,,,,,207.959755,204.8266455,208.1287,230.5277,221.80422,244.85724,244.88904,,
United Arab Emirates,ARE,"Annual freshwater withdrawals, total (billion cubic meters)",ER.H2O.FWTL.K3,,,,,,,,,,,,,,,,,,,,,0.9,0.9805333333,1.061066667,1.1416,1.222133333,1.302666667,1.3832,1.463733333,1.544266667,1.6248,1.542333333,1.578466667,1.6146,1.650733333,1.686866667,1.723,1.88222,2.04144,2.20066,2.35988,2.3338,2.291893333,2.249986667,2.20808,2.50404,2.8,2.774454546,2.748909091,2.723363636,2.697818182,2.672272727,2.646727273,2.621181818,2.595636364,2.570090909,2.544545455,2.519,2.445,2.501,2.443,2.381,,
Argentina,ARG,"Annual freshwater withdrawals, total (billion cubic meters)",ER.H2O.FWTL.K3,,,,,,,,,,,,,,,,,27.6,27.65154211,27.70308421,27.75462632,27.80616842,27.85771053,27.90925263,27.96079474,28.01263158,28.06387895,28.11578947,28.16696316,28.21850526,28.27052632,28.32140526,28.37313158,28.42467368,28.47621579,28.52775789,28.5793,28.936785,29.29427,29.651755,30.00924,30.366725,31.03232273,31.69792045,32.36351818,33.02911591,33.69471364,34.36031136,35.02590909,35.69150682,36.35710455,37.02270227,37.69,37.69,37.69,37.69,37.69,37.69,37.69,37.69,37.69,37.69,,
Armenia,ARM,"Annual freshwater withdrawals, total (billion cubic meters)",ER.H2O.FWTL.K3,,,,,,,,,,,,,,,,,,,,,,,,,,,,,,,,,,3.198,2.983,2.531,2.277,1.85,1.994,1.966,1.871,1.726,1.732,1.976,2.503,2.771,2.827,3.012,2.873,2.464,2.126,2.438,2.941,2.955,2.86,3.272,3.182,2.865,2.714,2.865,2.83,,
American Samoa,ASM,"Annual freshwater withdrawals, total (billion cubic meters)",ER.H2O.FWTL.K3,,,,,,,,,,,,,,,,,,,,,,,,,,,,,,,,,,,,,,,,,,,,,,,,,,,,,,,,,,,,,,,
Antigua and Barbuda,ATG,"Annual freshwater withdrawals, total (billion cubic meters)",ER.H2O.FWTL.K3,,,,,,,,,,,,,,,,,,,,,,,,,,,,,,,0.0017,0.0019266667,0.0021533333,0.00238,0.0026066667,0.0028333333,0.00306,0.0032866667,0.0035133333,0.00374,0.0039666667,0.0041933333,0.00442,0.0046466667,0.0048733333,0.0051,0.005,0.0049,0.0048,0.0047,0.0046,0.0045,0.0044,0.0044,0.0044,0.0044,0.0044,0.0044,0.0044,0.0044,0.0044,,
Australia,AUS,"Annual freshwater withdrawals, total (billion cubic meters)",ER.H2O.FWTL.K3,,,,,,,,,,,,,,,,,,,,,,,,,,,,,,,,,,18.5502,21.1102,19.8502,22.1602,21.9282,21.8222,21.7162,21.65924,21.534,20.8338,20.1336,19.4334,18.7332,17.55665,16.3801,15.20355,14.027,13.175,13.215,15.868,19.148,18.463,9.22,10.623,12.05864137,12.33,10.53,8.64,,
Austria,AUT,"Annual freshwater withdrawals, total (billion cubic meters)",ER.H2O.FWTL.K3,,,,,,,,,,,,,,,,,,,,,3.34,3.3874,3.4348,3.4822,3.5296,3.577,3.6226,3.6682,3.7138,3.7594,3.805,3.7334,3.6618,3.5902,3.5186,3.447,3.5445,3.642,3.654,3.666,3.636,3.607,3.577,3.566125,3.55525,3.544375,3.5335,3.522625,3.51175,3.500875,3.49,3.49,3.49,3.49,3.49,3.49,3.49,3.49,3.49,3.49,3.49,,
Azerbaijan,AZE,"Annual freshwater withdrawals, total (billion cubic meters)",ER.H2O.FWTL.K3,,,,,,,,,,,,,,,,,,,,,,,,,,,,,,,,,16.202,16.338,14.633,13.97,13.457,12.518,10.235,11.968,10.99,9.923,9.919,10.518,11.175,11.8,12.144,12.085,11.53,11.14,10.97,11.296,11.975,11.994,11.592,11.689,11.878,12.12,12.167,12.59,12.59,,
Burundi,BDI,"Annual freshwater withdrawals, total (billion cubic meters)",ER.H2O.FWTL.K3,,,,,,,,,,,,,,,,,,,,,,,,,,,,0.1,0.1144615385,0.1289230769,0.1433846154,0.1578461538,0.1723076923,0.1867692308,0.2012307692,0.2156923077,0.2301538462,0.2446153846,0.2590769231,0.2735384615,0.288,0.28642,0.28484,0.28326,0.28168,0.2801,0.2801,0.2801,0.2801,0.2801,0.2801,0.2801,0.2801,0.2801,0.2801,0.2801,0.2801,0.2801,0.2801,0.2801,0.2801,,
Belgium,BEL,"Annual freshwater withdrawals, total (billion cubic meters)",ER.H2O.FWTL.K3,,,,,,,,,,,,,,,,,,,,,9.0305,8.97854,8.92658,8.87462,8.82266,8.7707,8.71874,8.66678,8.61482,8.56286,8.5109,8.45894,8.40698,8.35502,8.30306,8.2511,7.97055,7.69,7.638533333,7.587066667,7.5331,7.1344,6.7357,6.619166667,6.502633333,6.3861,6.30005,6.214,6.129,6.002,5.953,5.082,5.3,4.829,4.556,3.994,4.193040325,4.39208065,4.175,4.199,4.199,,
Benin,BEN,"Annual freshwater withdrawals, total (billion cubic meters)",ER.H2O.FWTL.K3,,,,,,,,,,,,,,,,,,,,,,,,,,0.11,0.1148175,0.119635,0.1244525,0.12927,0.1340875,0.138925,0.1437625,0.1486,0.1534375,0.1500892857,0.1467410714,0.1433928571,0.1400446429,0.1366964286,0.1333482143,0.13,0.13,0.13,0.13,0.13,0.13,0.13,0.13,0.13,0.13,0.13,0.13,0.13,0.13,0.13,0.13,0.13,0.13,0.13,0.13,,
Burkina Faso,BFA,"Annual freshwater withdrawals, total (billion cubic meters)",ER.H2O.FWTL.K3,,,,,,,,,,,,,,,,,,,,,,,,,,0.29,0.30228,0.31456,0.32684,0.33912,0.3514,0.3637,0.376,0.3952444444,0.4144888889,0.4337333333,0.4529777778,0.4722222222,0.58,0.614,0.648,0.682,0.716,0.75,0.784,0.818,0.818,0.818,0.818,0.818,0.818,0.818,0.818,0.818,0.818,0.818,0.818,0.818,0.818,0.818,0.818,,
Bangladesh,BGD,"Annual freshwater withdrawals, total (billion cubic meters)",ER.H2O.FWTL.K3,,,,,,,,,,,,,,,,,,,,,,,,,,,,,,,,,,,,,,,,,,,,,,,,,35.87,35.87,35.87,35.87,35.87,35.87,35.87,35.87,35.87,35.87,35.87,35.87,35.87,,
Bulgaria,BGR,"Annual freshwater withdrawals, total (billion cubic meters)",ER.H2O.FWTL.K3,,,,,,,,,,,,,,,,,,,,,14.18,14.162,14.144,14.126,14.108,14.09,13.55951333,13.02902667,12.49854,11.96805333,7.623666667,7.4746,7.325533333,7.176466667,7.0274,6.878333333,6.729266667,6.5802,6.431133333,6.282066667,6.1327,5.8334,6.5887,6.51132,6.43394,6.35656,6.27918,6.2018,6.425,6.1203,5.96,6.385,5.7146,5.468,5.376,5.6294,5.689,5.658,5.425,5.422,5.076,,
Bahrain,BHR,"Annual freshwater withdrawals, total (billion cubic meters)",ER.H2O.FWTL.K3,,,,,,,,,,,,,,,,,,,,,,,,,,,,,,,0.1949,0.1982692308,0.2077673077,0.2178884615,0.2280096154,0.2381307692,0.2482519231,0.2583730769,0.2684942308,0.2786153846,0.2887365385,0.272324359,0.2559121795,0.2387,0.2332818182,0.2278636364,0.2224454545,0.2170272727,0.2116090909,0.2061909091,0.2007727273,0.1953545455,0.1899363636,0.1845181818,0.1791,0.1591,0.1551,0.1551,0.1551,0.1551,0.1551,,
"Bahamas, The",BHS,"Annual freshwater withdrawals, total (billion cubic meters)",ER.H2O.FWTL.K3,,,,,,,,,,,,,,,,,,,,,,,,,,,,,,,,,,,,,,,,,,,,,,,,,,,,,,,,,,,,,,,
Bosnia and Herzegovina,BIH,"Annual freshwater withdrawals, total (billion cubic meters)",ER.H2O.FWTL.K3,,,,,,,,,,,,,,,,,,,,,,,,,,,,,,,,,,,,,,,,,0.3718,0.3736,0.3755,0.3774,0.379,0.3787,0.3804,0.3896,0.3919,0.4299,0.4354,0.4236,0.4377,0.4358,0.4124,0.4185,0.4196,0.4009,0.312,0.3055,0.30128,,
Belarus,BLR,"Annual freshwater withdrawals, total (billion cubic meters)",ER.H2O.FWTL.K3,,,,,,,,,,,,,,,,,,,,,,,,,,,,,,,,,,,,1.98,1.9514,1.9228,1.8942,1.8656,1.837,1.8108,1.7846,1.7584,1.7322,1.706,1.6744,1.6428,1.6112,1.5796,1.548,1.536666667,1.525333333,1.514,1.571,1.448,1.452,1.397,1.39,1.358,1.328,,
Belize,BLZ,"Annual freshwater withdrawals, total (billion cubic meters)",ER.H2O.FWTL.K3,,,,,,,,,,,,,,,,,,,,,,,,,,,,0.02,0.0230891026,0.0261782051,0.0292673077,0.0323564103,0.0354455128,0.0385346154,0.0482046703,0.0578747253,0.0664997802,0.0751248352,0.0837498901,0.0923749451,0.101,0.101,0.101,0.101,0.101,0.101,0.101,0.101,0.101,0.101,0.101,0.101,0.101,0.101,0.101,0.101,0.101,0.101,0.101,0.101,0.101,,
Bermuda,BMU,"Annual freshwater withdrawals, total (billion cubic meters)",ER.H2O.FWTL.K3,,,,,,,,,,,,,,,,,,,,,,,,,,,,,,,,,,,,,,,,,,,,,,,,,,,,,,,,,,,,,,,
Bolivia,BOL,"Annual freshwater withdrawals, total (billion cubic meters)",ER.H2O.FWTL.K3,,,,,,,,,,,,,,,,,,,,,,,,,,,,1.24,1.299431818,1.358863636,1.418295455,1.477727273,1.537159091,1.596590909,1.656022727,1.715454546,1.774886364,1.834318182,1.89375,1.953181818,1.968252525,1.983323232,1.998393939,2.013464647,2.028535354,2.043606061,2.058676768,2.073747475,2.088,2.088,2.088,2.088,2.088,2.088,2.088,2.088,2.088,2.088,2.088,2.088,2.088,,
Brazil,BRA,"Annual freshwater withdrawals, total (billion cubic meters)",ER.H2O.FWTL.K3,,,,,,,,,,,,,,,,,,,,,,,,,,,,35.04,37.24333333,39.44666667,41.65,43.85333333,46.05666667,48.26,50.46333333,52.66666667,54.83,55.15,55.47,55.79,56.11,56.43,56.75,57.07,57.39,57.71,58.03,62.22,66.401,70.585875,74.77075,72.315625,69.8605,67.405375,65.022,63.86,66.31,65.68,66.5,67.44,67.19,,
Barbados,BRB,"Annual freshwater withdrawals, total (billion cubic meters)",ER.H2O.FWTL.K3,,,0.03,0.0315,0.033,0.0345,0.036,0.0375,0.039,0.0405,0.042,0.0435,0.045,0.0465,0.048,0.0495,0.051,0.0525,0.054,0.0555,0.057,0.0585,0.06,0.0615,0.063,0.0645,0.066,0.0675,0.069,0.0705,0.072,0.0735,0.075,0.0765,0.078,0.0795,0.081,0.081,0.081,0.081,0.081,0.081,0.081,0.081,0.081,0.07,0.07,0.07,0.07,0.07,0.07,0.07,0.07,0.07,0.07,0.07,0.07,0.07,0.07,0.07,0.07,,
Brunei Darussalam,BRN,"Annual freshwater withdrawals, total (billion cubic meters)",ER.H2O.FWTL.K3,,,,,,,,,,,,,,,,,,,,,,,,,,,,,,,,0.076,0.0813333333,0.0866666667,0.092,0.092,0.092,0.092,0.092,0.092,0.092,0.092,0.092,0.092,0.092,0.092,0.092,0.092,0.092,0.092,0.092,0.092,0.092,0.092,0.092,0.092,0.092,0.092,0.092,0.092,0.092,,
Bhutan,BTN,"Annual freshwater withdrawals, total (billion cubic meters)",ER.H2O.FWTL.K3,,,,,,,,,,,,,,,,,,,,,,,,,,,,,,,,,,,,,,,,,,,,,,,,,0.3379,0.3379,0.3379,0.3379,0.3379,0.3379,0.3379,0.3379,0.3379,0.3379,0.3379,0.3379,0.3379,,
Botswana,BWA,"Annual freshwater withdrawals, total (billion cubic meters)",ER.H2O.FWTL.K3,,,,,,,,,,,,,,,,,,,,,,,,,,0.09,0.09328,0.09656,0.09984,0.10312,0.1064,0.1097,0.113,0.1231333333,0.1332666667,0.1434,0.15352,0.16364,0.17376,0.18388,0.194,0.1942909091,0.1945818182,0.1948727273,0.1951636364,0.1954545455,0.1957454545,0.1960363636,0.1963272727,0.1966181818,0.1969090909,0.1972,0.1944,0.19115,0.1879,0.1879,0.2013,0.193,0.204,0.202,0.2204276,,
Central African Republic,CAF,"Annual freshwater withdrawals, total (billion cubic meters)",ER.H2O.FWTL.K3,,,,,,,,,,,,,,,,,,,,,,,,,,,,0.0194,0.023,0.0266,0.0302,0.0338,0.0374,0.041,0.0446,0.0482,0.0518,0.0554,0.059,0.0626,0.0662,0.06746,0.06872,0.06998,0.07124,0.0725,0.0725,0.0725,0.0725,0.0725,0.0725,0.0725,0.0725,0.0725,0.0725,0.0725,0.0725,0.0725,0.0725,0.0725,0.0725,,
Canada,CAN,"Annual freshwater withdrawals, total (billion cubic meters)",ER.H2O.FWTL.K3,,,,,,,,,,,,,,,,,,,,,,,,,,,42.2,42.7786,43.3572,43.9358,44.5117,45.091,44.515,43.939,43.363,42.787,42.211,42.12975455,42.04850909,41.96726364,41.88601818,41.80477273,41.72352727,41.64228182,41.56103636,41.47979091,41.39854545,41.3173,40.0573,38.7973,37.19865,35.6,36.44,37.28,36.505,35.73,35.9915,36.253,36.253,36.253,36.253,,
Central Europe and the Baltics,CEB,"Annual freshwater withdrawals, total (billion cubic meters)",ER.H2O.FWTL.K3,,,,,,,,,,,,,,,,,,,,,,,,,,,,,,,,,,,,,,,,,,,,,,,,,,,,,,,32.3391,32.50034264,32.29945787,33.26313756,32.1842405,30.403123,29.7091533,,
Switzerland,CHE,"Annual freshwater withdrawals, total (billion cubic meters)",ER.H2O.FWTL.K3,,,,,,,,,,,,,,,,2.598,2.5962,2.5944,2.5926,2.5908,2.589,2.6004,2.6118,2.6232,2.6346,2.646,2.653,2.66,2.667,2.674,2.681,2.688,2.695,2.66762,2.64024,2.61286,2.58548,2.5581,2.55008,2.54206,2.53404,2.52602,2.518,2.46665,2.4153,2.36395,2.3126,2.26125,2.2099,2.15855,2.1072,2.05585,2,1.72,1.704,1.705917,1.704,1.704,1.704,1.704,1.704,,
Channel Islands,CHI,"Annual freshwater withdrawals, total (billion cubic meters)",ER.H2O.FWTL.K3,,,,,,,,,,,,,,,,,,,,,,,,,,,,,,,,,,,,,,,,,,,,,,,,,,,,,,,,,,,,,,,
Chile,CHL,"Annual freshwater withdrawals, total (billion cubic meters)",ER.H2O.FWTL.K3,,,,,,,,,,,,,,,,,,,,,,,,,,,,,,,,,20.2852,21.36662857,22.44805714,23.52948571,24.61091429,25.69234286,26.77377143,27.8552,28.93662857,30.01308214,31.08953571,32.13071429,33.20714286,34.28357143,35.36,35.368,35.368,35.368,35.368,35.368,35.368,35.368,35.368,35.368,35.368,35.368,35.368,35.368,35.368,,
China,CHN,"Annual freshwater withdrawals, total (billion cubic meters)",ER.H2O.FWTL.K3,,,,,,,,,,,,,,,,,,,,,443.7,452.0825,460.465,468.8475,477.23,481.06,484.848,488.636,492.424,496.212,500,508.4666667,516.9333333,525.4,529.0428571,532.6857143,536.3285714,539.9714286,543.6142857,547.2571429,550.9,551.54,552.18,552.82,553.46,554.1,568,568.7,576.1,583.2,586.83,595,598.8,602.8,593.4,591.8,604.02,596.22,592.91,602.12,568.48,,
Cote d'Ivoire,CIV,"Annual freshwater withdrawals, total (billion cubic meters)",ER.H2O.FWTL.K3,,,,,,,,,,,,,,,,,,,,,,,,,,,,0.709,0.8393333333,0.9696666667,1.1,1.133,1.166,1.199,1.232,1.261466667,1.290933333,1.3204,1.349866667,1.379333333,1.4088,1.43688,1.46496,1.49304,1.52112,1.5492,1.506177778,1.462111111,1.418566667,1.375805556,1.333044444,1.290283333,1.248044444,1.205022222,1.162,1.162,1.162,1.162,1.162,1.162,1.162,,
Cameroon,CMR,"Annual freshwater withdrawals, total (billion cubic meters)",ER.H2O.FWTL.K3,,,,,,,,,,,,,,,,,,,,,,,,,,,,0.396,0.3968,0.3976,0.3984,0.3992,0.4,0.4708,0.5416,0.6124,0.6832,0.754,0.8248,0.8956,0.9664,0.9908,1.0152,1.0396,1.064,1.0884,1.0884,1.0884,1.0884,1.0884,1.0884,1.0884,1.0884,1.0884,1.0884,1.0884,1.0884,1.0884,1.0884,1.0884,1.0884,,
"Congo, Dem. Rep.",COD,"Annual freshwater withdrawals, total (billion cubic meters)",ER.H2O.FWTL.K3,,,,,,,,,,,,,,,,,,,,,,,,,,,,,,,,,,,,0.4761,0.4977,0.5193,0.5409,0.5625,0.5841,0.604,0.6239,0.6438,0.6637,0.6836,0.6836,0.6836,0.6836,0.6836,0.6836,0.6836,0.6836,0.6836,0.6836,0.6836,0.6836,0.6836,0.6836,0.6836,0.6836,,
"Congo, Rep.",COG,"Annual freshwater withdrawals, total (billion cubic meters)",ER.H2O.FWTL.K3,,,,,,,,,,,,,,,,,,,,,,,,,,,,0.04,0.0404,0.0408,0.0412,0.0416,0.042,0.0424,0.0428,0.0432,0.0436,0.044,0.0444,0.0448,0.0452,0.0456,0.046,0.046,0.046,0.046,0.046,0.046,0.046,0.046,0.046,0.046,0.046,0.046,0.046,0.046,0.046,0.046,0.046,0.046,0.046,,
Colombia,COL,"Annual freshwater withdrawals, total (billion cubic meters)",ER.H2O.FWTL.K3,,,,,,,,,,,,,,,,,,,,,,,,,,,,,,,,,,,,,,,,,7.746,8.249,8.75125,9.253875,9.7565,10.259125,10.76175,11.264375,11.77,13.79054344,15.81808687,17.84563031,19.87317375,21.90071718,23.92826062,25.95580406,27.98334749,27.56363405,27.1439206,28.23487353,29.11566976,,
Comoros,COM,"Annual freshwater withdrawals, total (billion cubic meters)",ER.H2O.FWTL.K3,,,,,,,,,,,,,,,,,,,,,,,,,,,,,,,,,,,,,,,,0.01,0.01,0.01,0.01,0.01,0.01,0.01,0.01,0.01,0.01,0.01,0.01,0.01,0.01,0.01,0.01,0.01,0.01,0.01,0.01,0.01,0.01,,
Cabo Verde,CPV,"Annual freshwater withdrawals, total (billion cubic meters)",ER.H2O.FWTL.K3,,,,,,,,,,,,,,,,,,,,,,,,,,,,,,,,,,,,,,,,,,0.02155,0.0228,0.02405,0.0253,0.0253,0.0253,0.0253,0.0253,0.0253,0.0253,0.0253,0.0253,0.0253,0.0253,0.0253,0.0253,0.0253,0.0253,0.0253,0.0253,,
Costa Rica,CRI,"Annual freshwater withdrawals, total (billion cubic meters)",ER.H2O.FWTL.K3,,,,,,,,,,,,,,,,,,,,,,,,,,,,,,,,,,,,,,,,,,,,,,,,,,,,,2.338321,2.466121,2.74369,3.194018,2.92271,2.44,3.05366,3.13813,3.13608,,
Caribbean small states,CSS,"Annual freshwater withdrawals, total (billion cubic meters)",ER.H2O.FWTL.K3,,,,,,,,,,,,,,,,,,,,,,,,,,,,,,,,,,,,,,,,,,,,,,,,,,,,,,,4.2193,3.4993,4.0193,4.0193,4.0193,4.0193,4.0193,,
Cuba,CUB,"Annual freshwater withdrawals, total (billion cubic meters)",ER.H2O.FWTL.K3,,,,,,,,,,,,,,,,,,,,,,,,,,,,,,,,,,,,5.211,5.216065909,5.221131818,5.226197727,5.231263636,5.236329546,5.240995455,5.246061364,5.251127273,5.256193182,5.261259091,5.266325,4.9363,5.73785,6.0564,6.01895,6.332166667,6.645383333,6.958,6.958,6.958,6.958,6.958,6.958,6.958,6.958,,
Curacao,CUW,"Annual freshwater withdrawals, total (billion cubic meters)",ER.H2O.FWTL.K3,,,,,,,,,,,,,,,,,,,,,,,,,,,,,,,,,,,,,,,,,,,,,,,,,,,,,,,,,,,,,,,
Cayman Islands,CYM,"Annual freshwater withdrawals, total (billion cubic meters)",ER.H2O.FWTL.K3,,,,,,,,,,,,,,,,,,,,,,,,,,,,,,,,,,,,,,,,,,,,,,,,,,,,,,,,,,,,,,,
Cyprus,CYP,"Annual freshwater withdrawals, total (billion cubic meters)",ER.H2O.FWTL.K3,,,,,,,,,,,,,,,,0.155,0.1594,0.1638,0.1682,0.1726,0.177,0.1816,0.1862,0.1908,0.1954,0.2,0.2046,0.2104,0.2156,0.2208,0.223,0.218,0.213,0.208,0.2012857143,0.1945714286,0.1878571429,0.1811428571,0.1744285714,0.1677142857,0.161,0.1499428571,0.1707,0.16938,0.16806,0.16674,0.16542,0.1641,0.1605,0.1843,0.2009,0.2208,0.2553,0.2068,0.217,0.232,0.218,0.216,0.207,0.231,0.275,,
Czechia,CZE,"Annual freshwater withdrawals, total (billion cubic meters)",ER.H2O.FWTL.K3,,,,,,,,,,,,,,,,,,,,,,,,,,,,,,,,,,3.0324,2.8878,2.7432,2.61785,2.4925,2.37562,2.25874,2.14186,2.02498,1.9081,1.9204,1.9327,1.945,1.9573,1.9696,1.988,1.947,1.951,1.887,1.8404,1.6503,1.65,1.6,1.6348,1.63,1.59,1.506,1.366,,
Germany,DEU,"Annual freshwater withdrawals, total (billion cubic meters)",ER.H2O.FWTL.K3,,,,,,,,,,,,,,,,,,,,,,,,,,,,,,,,46.272,49.9484873,49.53953898,49.19992302,48.83088615,47.76515568,47.38274284,45.80673577,45.37060385,44.88727848,43.89921329,42.7784437,41.65767412,40.53690453,37.77626969,35.01563484,32.26,32.50033333,32.74566667,32.99,30.436,27.88066667,25.326,25.03166667,24.73733333,24.443,24.443,24.443,24.443,24.443,,
Djibouti,DJI,"Annual freshwater withdrawals, total (billion cubic meters)",ER.H2O.FWTL.K3,,,,,,,,,,,,,,,,,,,,,,,,,,0.008,0.0087333333,0.0094666667,0.0102,0.0109333333,0.0116666667,0.0124,0.0131333333,0.0138666667,0.0145,0.0153333333,0.0160666667,0.0168,0.0174333333,0.0182666667,0.019,0.019,0.019,0.019,0.019,0.019,0.019,0.019,0.019,0.019,0.019,0.019,0.019,0.019,0.019,0.019,0.019,0.019,0.019,0.019,0.019,,
Dominica,DMA,"Annual freshwater withdrawals, total (billion cubic meters)",ER.H2O.FWTL.K3,,,,,,,,,,,,,,,,,,,,,,,,,,,,,,,,,,,,,0.0166,0.0166,0.0166,0.0166,0.0166,0.0166,0.0166,0.0166,0.0166,0.0171666667,0.0177333333,0.0183,0.0188666667,0.0194333333,0.02,0.02,0.02,0.02,0.02,0.02,0.02,0.02,0.02,0.02,0.02,,
Denmark,DNK,"Annual freshwater withdrawals, total (billion cubic meters)",ER.H2O.FWTL.K3,,,,,,,,,,,0.72,0.817,0.914,1.011,1.108,1.205,1.205,1.205,1.205,1.205,1.205,1.305,1.405,1.505,1.605,1.705,1.521666667,1.338333333,1.155,1.226551637,1.298103273,1.243731377,1.189359481,1.134987585,1.080615689,1.026243792,0.9718718962,0.9175,0.86468,0.81186,0.75904,0.70622,0.6534,0.6453333333,0.6372666667,0.6292,0.5923,0.5554,0.696,0.6597,0.8089,0.8657,0.7285,1.009,0.9892,0.8118,0.886995,0.895798,1.105817,0.945594,0.97643,,
Dominican Republic,DOM,"Annual freshwater withdrawals, total (billion cubic meters)",ER.H2O.FWTL.K3,,,,,,,,,,,,,,,,,,,,,,,,,,,,,,,,,,,,,,,,,4.865,4.9822,5.0994,5.2166,5.3338,5.451,5.7882,6.1254,6.4626,6.7998,7.137,7.137,7.137,7.137,7.137,7.137,7.137,7.137,7.137,7.137,7.137,,
Algeria,DZA,"Annual freshwater withdrawals, total (billion cubic meters)",ER.H2O.FWTL.K3,,,,,,,,,,,2,2.1,2.2,2.3,2.4,2.5,2.6,2.7,2.8,2.9,3,3.1,3.2,3.3,3.4,3.5,3.7,3.9,4.1,4.3,4.436,4.555709091,4.675418182,4.795127273,4.914836364,5.034545455,5.154254546,5.273963636,5.393672727,5.513381818,5.633090909,5.807166667,6.043606061,6.220245455,6.396884849,6.573524242,6.750163636,6.92680303,7.103442424,7.280081818,7.456721212,7.633360606,7.8,8.184666667,8.569333333,8.954,9.23,9.802,9.802,9.802,9.802,,
East Asia & Pacific (excluding high income),EAP,"Annual freshwater withdrawals, total (billion cubic meters)",ER.H2O.FWTL.K3,,,,,,,,,,,,,,,,,,,,,,,,,,,,,,,,,,,,,,,,,,,,,,,,,,,,,,,1085.893956,1093.396088,1113.3302,1110.02648,1107.083011,1110.032347,1076.392347,,
Early-demographic dividend,EAR,"Annual freshwater withdrawals, total (billion cubic meters)",ER.H2O.FWTL.K3,,,,,,,,,,,,,,,,,,,,,,,,,,,,,,,,,,,,,,,,,,,,,,,,,,,,,,,1813.675438,1838.538042,1855.980756,1886.002555,1885.707697,1868.106649,1879.784396,,
East Asia & Pacific,EAS,"Annual freshwater withdrawals, total (billion cubic meters)",ER.H2O.FWTL.K3,,,,,,,,,,,,,,,,,,,,,,,,,,,,,,,,,,,,,,,,,,,,,,,,,,,,,,,1224.306846,1222.205016,1243.327,1241.048421,1238.165311,1238.619347,1203.095047,,
Europe & Central Asia (excluding high income),ECA,"Annual freshwater withdrawals, total (billion cubic meters)",ER.H2O.FWTL.K3,,,,,,,,,,,,,,,,,,,,,,,,,,,,,,,,,,,,,,,,,,,,,,,,,,,,,,,283.6429549,279.8233189,286.534174,292.688282,296.39181,298.848,296.35116,,
Europe & Central Asia,ECS,"Annual freshwater withdrawals, total (billion cubic meters)",ER.H2O.FWTL.K3,,,,,,,,,,,,,,,,,,,,,,,,,,,,,,,,,,,,,,,,,,,,,,,,,,,,,,,485.9163883,479.6904063,483.6613894,487.9841293,490.7586218,491.2727267,488.043053,,
Ecuador,ECU,"Annual freshwater withdrawals, total (billion cubic meters)",ER.H2O.FWTL.K3,,,,,,,,,,,,,,,,,,,,,,,,,,,,,,,,,,,,,,,,,9.3663,9.4762,9.5861,9.696,9.8059,9.9158,9.9158,9.9158,9.9158,9.9158,9.9158,9.9158,9.9158,9.9158,9.9158,9.9158,9.9158,9.9158,9.9158,9.9158,9.9158,,
"Egypt, Arab Rep.",EGY,"Annual freshwater withdrawals, total (billion cubic meters)",ER.H2O.FWTL.K3,,,,,,,,,,,,,,,,48.2,48.58333333,48.96666667,49.35,49.73333333,50.11666667,50.5,50.88333333,51.26666667,51.65,52.03333333,52.41666667,52.8,53.18333333,53.56666667,53.925,54.30833333,54.69166667,54.875,56.67828571,58.48157143,60.28725714,62.09294286,63.89862857,65.70431429,57.03,58.707,60.384,62.061,63.738,65.415,67.092,68.769,70.446,72.123,73.8,71.65,72.3,73,60.7,60.9,60.65,77.5,77.5,77.5,77.5,,
Euro area,EMU,"Annual freshwater withdrawals, total (billion cubic meters)",ER.H2O.FWTL.K3,,,,,,,,,,,,,,,,,,,,,,,,,,,,,,,,,,,,,,,,,,,,,,,,,,,,,,,163.6658333,160.6316704,157.9266204,155.0263293,154.5593679,153.9104832,153.3781022,,
Eritrea,ERI,"Annual freshwater withdrawals, total (billion cubic meters)",ER.H2O.FWTL.K3,,,,,,,,,,,,,,,,,,,,,,,,,,,,,,,,,,,,,,,,,0.4134,0.45555,0.4977,0.53985,0.582,0.582,0.582,0.582,0.582,0.582,0.582,0.582,0.582,0.582,0.582,0.582,0.582,0.582,0.582,0.582,0.582,,
Spain,ESP,"Annual freshwater withdrawals, total (billion cubic meters)",ER.H2O.FWTL.K3,,,,,,,,,,,,,,,,36.08,36.848,37.616,38.384,39.152,39.92,40.986,42.052,43.118,44.184,45.25,45.852,44.0416,42.2312,40.4208,38.6104,36.8,36.41666667,36.03333333,35.65,35.26666667,34.88333333,34.5,35.035,35.57,36.105,35.806,35.507,36.15033333,36.79366667,37.437,36.2065,34.976,34.78,36.12,35.01,35.07,36.75,32.35,32.859,31.51,31.221,30.094,29.409,29.2145,29.02,,
Estonia,EST,"Annual freshwater withdrawals, total (billion cubic meters)",ER.H2O.FWTL.K3,,,,,,,,,,,,,,,,,,,,,,,,,,,,,,,,,2.63,2.206,1.782,1.358,1.365914286,1.373828571,1.381742857,1.389657143,1.397571429,1.405485714,1.4134,1.4975,1.5816,1.6657,1.7498,1.8339,1.604,1.378,1.842,1.874,1.631,1.748,1.72,1.61534264,1.7514,1.7849,1.60854,1.00645,0.8529523,,
Ethiopia,ETH,"Annual freshwater withdrawals, total (billion cubic meters)",ER.H2O.FWTL.K3,,,,,,,,,,,,,,,,,,,,,,,,,,,,,,,,,,,,,,,,,,,5.558,6.3257,7.0934,7.8611,8.105372727,8.349990909,8.594436364,8.838190909,9.082463636,9.326736364,9.571009091,9.815281818,10.05955455,10.30382727,10.55,10.5481,10.5481,10.5481,10.5481,,
European Union,EUU,"Annual freshwater withdrawals, total (billion cubic meters)",ER.H2O.FWTL.K3,,,,,,,,,,,,,,,,,,,,,,,,,,,,,,,,,,,,,,,,,,,,,,,,,,,,,,,195.6462333,192.6743704,189.8219154,187.8907473,186.7254464,184.7785312,183.7001322,,
Fragile and conflict affected situations,FCS,"Annual freshwater withdrawals, total (billion cubic meters)",ER.H2O.FWTL.K3,,,,,,,,,,,,,,,,,,,,,,,,,,,,,,,,,,,,,,,,,,,,,,,,,,,,,,,224.9013481,218.5913273,222.6816,228.391189,220.1864927,243.3091895,242.1949895,,
Finland,FIN,"Annual freshwater withdrawals, total (billion cubic meters)",ER.H2O.FWTL.K3,,,,,,,,,,,3.3,3.35,3.4,3.45,3.5,3.55,3.58,3.61,3.64,3.67,3.7,3.76,3.82,3.88,3.94,4,3.6654,3.3308,2.9962,2.6616,2.327,2.3788,2.4306,2.4824,2.5342,2.586,2.521425,2.45685,2.392275,2.3277,2.935557143,3.543414286,4.151271429,4.753953571,5.356635714,5.959317857,6.562,6.1358,5.7096,5.2834,4.8572,4.431,4.0048,3.5786,3.1524,2.7262,2.3,2.3,2.8,3,3,,
Fiji,FJI,"Annual freshwater withdrawals, total (billion cubic meters)",ER.H2O.FWTL.K3,,,,,,,,,,,,,,,,,,,,,,,,,,,,0.03,0.0339769231,0.0379538462,0.0419307692,0.0459076923,0.0498846154,0.0538615385,0.0578384615,0.0618153846,0.0657923077,0.0697692308,0.0737461538,0.0777230769,0.0817,0.08234,0.08298,0.08362,0.08426,0.0849,0.0849,0.0849,0.0849,0.0849,0.0849,0.0849,0.0849,0.0849,0.0849,0.0849,0.0849,0.0849,0.0849,0.0849,0.0849,,
France,FRA,"Annual freshwater withdrawals, total (billion cubic meters)",ER.H2O.FWTL.K3,,,,,,,,,,,,,,,,,,,,,30.964,31.7478,32.5316,33.3154,34.0992,34.883,35.4426,36.0022,36.5618,37.1214,37.681,38.45,39.219,37.4414,35.6638,33.8862,32.1086,30.331,31.12033333,31.90966667,32.699,32.5265,32.354,32.71866667,33.08333333,33.448,32.22,30.992,28.66,28.4703,28.578,30.146,28.063,27.157,27.297,28.116,26.436,26.946,26.92292431,26.27207965,26.27207965,,
Faroe Islands,FRO,"Annual freshwater withdrawals, total (billion cubic meters)",ER.H2O.FWTL.K3,,,,,,,,,,,,,,,,,,,,,,,,,,,,,,,,,,,,,,,,,,,,,,,,,,,,,,,,,,,,,,,
"Micronesia, Fed. Sts.",FSM,"Annual freshwater withdrawals, total (billion cubic meters)",ER.H2O.FWTL.K3,,,,,,,,,,,,,,,,,,,,,,,,,,,,,,,,,,,,,,,,,,,,,,,,,,,,,,,,,,,,,,,
Gabon,GAB,"Annual freshwater withdrawals, total (billion cubic meters)",ER.H2O.FWTL.K3,,,,,,,,,,,,,,,,,,,,,,,,,,,,0.06,0.0646384615,0.0692769231,0.0739153846,0.0785538462,0.0831923077,0.0878307692,0.0924692308,0.0971076923,0.1017461538,0.1063846154,0.1110230769,0.1156615385,0.1203,0.12406,0.12782,0.13158,0.13534,0.1391,0.1391,0.1391,0.1391,0.1391,0.1391,0.1391,0.1391,0.1391,0.1391,0.1391,0.1391,0.1391,0.1391,0.1391,0.1391,,
United Kingdom,GBR,"Annual freshwater withdrawals, total (billion cubic meters)",ER.H2O.FWTL.K3,,,,,,,,,,,,,,,,,,,,,13.48,13.084,12.688,12.292,11.896,11.5,11.604,11.708,11.812,11.916,12.02,12.034,12.048,12.062,12.076,12.09,12.16879091,12.24758182,12.32637273,12.40516364,12.48395455,12.56274545,12.64153636,12.72032727,12.79911818,12.87790909,12.9567,8.513,8.347,8.281,8.264,7.685,8.017,7.651,7.285,8.16,8.419,8.419,8.419,8.419,8.419,,
Georgia,GEO,"Annual freshwater withdrawals, total (billion cubic meters)",ER.H2O.FWTL.K3,,,,,,,,,,,,,,,,,,,,,,,,,,,,,,,,,3.157506667,3.00226,2.847013333,2.691766667,2.53652,2.381273333,2.226026667,2.07078,1.915533333,1.895026667,1.87452,1.854013333,1.833506667,1.813,1.816333333,1.819666667,1.823,1.79364375,1.7642875,1.73493125,1.705575,1.67621875,1.6468625,1.61750625,1.58815,1.37453,1.29112,1.57214,1.65372,,
Ghana,GHA,"Annual freshwater withdrawals, total (billion cubic meters)",ER.H2O.FWTL.K3,,,,,,,,,,,0.3,0.3227333333,0.3454666667,0.3682,0.3909333333,0.4136666667,0.4364,0.4591333333,0.4818666667,0.5046,0.5273333333,0.5500666667,0.5728,0.5955333333,0.6182666667,0.641,0.6637333333,0.6864666667,0.7092,0.7319333333,0.7546666667,0.7774,0.8001333333,0.8228666667,0.8456,0.8683333333,0.8910666667,0.9138,0.9365333333,0.9592666667,0.982,1.009125,1.03625,1.063375,1.0905,1.117625,1.14475,1.171875,1.199,1.226125,1.25325,1.283375,1.3155,1.337625,1.36095,1.438475,1.4486,1.4486,1.4486,1.4486,1.4486,,
Gibraltar,GIB,"Annual freshwater withdrawals, total (billion cubic meters)",ER.H2O.FWTL.K3,,,,,,,,,,,,,,,,,,,,,,,,,,,,,,,,,,,,,,,,,,,,,,,,,,,,,,,,,,,,,,,
Guinea,GIN,"Annual freshwater withdrawals, total (billion cubic meters)",ER.H2O.FWTL.K3,,,,,,,,,,,,,,,,,,,,,,,,,,,,0.74,0.7275384615,0.7150769231,0.7026153846,0.6901538462,0.6776923077,0.6652307692,0.6527692308,0.6403076923,0.6278461538,0.6153846154,0.6029230769,0.5904615385,0.578,0.557,0.56125,0.5655,0.56975,0.574,0.5983076923,0.6226153846,0.6469230769,0.6712307692,0.6955384615,0.7198461538,0.7441538462,0.7684615385,0.7927692308,0.8170769231,0.8413846154,0.8656923077,0.89,0.89,0.89,,
"Gambia, The",GMB,"Annual freshwater withdrawals, total (billion cubic meters)",ER.H2O.FWTL.K3,,,,,,,,,,,,,,,,,,,,,,,0.02,0.0239852941,0.0279705882,0.0319558824,0.0359411765,0.0399264706,0.0439117647,0.0478970588,0.0518823529,0.0558676471,0.0598529412,0.0638382353,0.0678235294,0.0718088235,0.0757941176,0.0797794118,0.0837647059,0.08775,0.0905,0.09272,0.09494,0.09716,0.09938,0.1016,0.1016,0.1016,0.1016,0.1016,0.1016,0.1016,0.1016,0.1016,0.1016,0.1016,0.1016,0.1016,0.1016,0.1016,0.1016,,
Guinea-Bissau,GNB,"Annual freshwater withdrawals, total (billion cubic meters)",ER.H2O.FWTL.K3,,,,,,,,,,,,,,,,,,,,,,,,,,,,,,,,0.0166,0.04828,0.07996,0.11164,0.14332,0.175,0.175,0.175,0.175,0.175,0.175,0.175,0.175,0.175,0.175,0.175,0.175,0.175,0.175,0.175,0.175,0.175,0.175,0.175,0.175,0.175,0.175,0.175,0.175,0.175,,
Equatorial Guinea,GNQ,"Annual freshwater withdrawals, total (billion cubic meters)",ER.H2O.FWTL.K3,,,,,,,,,,,,,,,,,,,,,,,,,,,,0.01,0.0105692308,0.0111384615,0.0117076923,0.0122769231,0.0128461538,0.0134153846,0.0139846154,0.0145538462,0.0151230769,0.0156923077,0.0162615385,0.0168307692,0.0174,0.01788,0.01836,0.01884,0.01932,0.0198,0.0198,0.0198,0.0198,0.0198,0.0198,0.0198,0.0198,0.0198,0.0198,0.0198,0.0198,0.0198,0.0198,0.0198,0.0198,,
Greece,GRC,"Annual freshwater withdrawals, total (billion cubic meters)",ER.H2O.FWTL.K3,,,,,,,,,,,4.254,4.25836,4.26272,4.26708,4.27144,4.2758,4.42664,4.57748,4.72832,4.87916,5.03,5.1212,5.2124,5.3036,5.3948,5.486,5.9592,6.4324,6.9056,7.3788,7.852,7.945,8.038,7.954333333,7.870666667,7.787,8.236,8.685,8.7952,8.9054,9.0156,9.1258,9.236,9.371833333,9.507666667,9.6435,9.6316,9.6197,9.698275,9.77735,9.855425,9.935,9.935,9.925,9.916,9.908,10.136,10.134,10.122,10.115,10.122,,
Grenada,GRD,"Annual freshwater withdrawals, total (billion cubic meters)",ER.H2O.FWTL.K3,,,,,,,,,,,,,,,,,,,,,,,,,,,,,,,,,,,,,,,,,,,,,,0.01,0.0104555556,0.0109111111,0.0113666667,0.0118222222,0.0122777778,0.0127333333,0.0131888889,0.0136444444,0.0141,0.0141,0.0141,0.0141,0.0141,0.0141,0.0141,,
Greenland,GRL,"Annual freshwater withdrawals, total (billion cubic meters)",ER.H2O.FWTL.K3,,,,,,,,,,,,,,,,,,,,,,,,,,,,,,,,,,,,,,,,,,,,,,,,,,,,,,,,,,,,,,,
Guatemala,GTM,"Annual freshwater withdrawals, total (billion cubic meters)",ER.H2O.FWTL.K3,,,,,,,,,,,,,,,,,,,,,,,,,,,,,,,,,,,,,,,,,,2.427397619,2.606738095,2.786078571,2.965419048,3.144759524,3.3241,3.3241,3.3241,3.3241,3.3241,3.3241,3.3241,3.3241,3.3241,3.3241,3.3241,3.3241,3.3241,3.3241,3.3241,,
Guam,GUM,"Annual freshwater withdrawals, total (billion cubic meters)",ER.H2O.FWTL.K3,,,,,,,,,,,,,,,,,,,,,,,,,,,,,,,,,,,,,,,,,,,,,,,,,,,,,,,,,,,,,,,
Guyana,GUY,"Annual freshwater withdrawals, total (billion cubic meters)",ER.H2O.FWTL.K3,,,,,,,,,,,,,,,,,,,,,,,,,,,,,,,,,1.46,1.4825,1.505,1.5275,1.55,1.5725,1.595,1.6175,1.64,1.62464,1.60928,1.59392,1.57856,1.5632,1.5395,1.5158,1.4921,1.4684,1.4447,1.4447,1.4447,1.4447,1.4447,1.4447,1.4447,1.4447,1.4447,1.4447,1.4447,,
High income,HIC,"Annual freshwater withdrawals, total (billion cubic meters)",ER.H2O.FWTL.K3,,,,,,,,,,,,,,,,,,,,,,,,,,,,,,,,,,,,,,,,,,,,,,,,,,,,,,,886.0315291,879.6187672,877.8849212,877.9595945,877.4916522,873.046437,870.479738,,
"Hong Kong SAR, China",HKG,"Annual freshwater withdrawals, total (billion cubic meters)",ER.H2O.FWTL.K3,,,,,,,,,,,,,,,,,,,,,,,,,,,,,,,,,,,,,,,,,,,,,,,,,,,,,,,,,,,,,,,
Honduras,HND,"Annual freshwater withdrawals, total (billion cubic meters)",ER.H2O.FWTL.K3,,,,,,,,,,,,,,,,,,,,,,,,,,,,,,,,,,,,,,,,,,,,1.607,1.607,1.607,1.607,1.607,1.607,1.607,1.607,1.607,1.607,1.607,1.607,1.607,1.607,1.607,1.607,1.607,1.607,,
Heavily indebted poor countries (HIPC),HPC,"Annual freshwater withdrawals, total (billion cubic meters)",ER.H2O.FWTL.K3,,,,,,,,,,,,,,,,,,,,,,,,,,,,,,,,,,,,,,,,,,,,,,,,,,,,,,,111.9677774,112.5775419,112.8992249,112.7675924,114.1901733,114.3840078,114.3846278,,
Croatia,HRV,"Annual freshwater withdrawals, total (billion cubic meters)",ER.H2O.FWTL.K3,,,,,,,,,,,,,,,,,,,,,,,,,,,,,,,,,,,,,,,,,,,0.5735,0.6121142857,0.6068714286,0.6154428571,0.6343571429,0.6509714286,0.6631,0.6898,0.675,0.6719,0.661,0.7049,0.6914,0.6835,0.6659,0.6729,0.673,0.67,0.665,,
Haiti,HTI,"Annual freshwater withdrawals, total (billion cubic meters)",ER.H2O.FWTL.K3,,,,,,,,,,,,,,,,,,,,,,,,,,,,,,,,0.9799,1.056075,1.13225,1.208425,1.2846,1.296414286,1.308228571,1.320042857,1.331857143,1.343671429,1.355485714,1.3673,1.379114286,1.390928571,1.402742857,1.414557143,1.426371429,1.438185714,1.45,1.45,1.45,1.45,1.45,1.45,1.45,1.45,1.45,1.45,1.45,1.45,,
Hungary,HUN,"Annual freshwater withdrawals, total (billion cubic meters)",ER.H2O.FWTL.K3,,,,,,,,,,,2.9804,3.17748,3.37456,3.57164,3.76872,3.9658,4.13364,4.30148,4.46932,4.63716,4.805,5.1141,5.4232,5.7323,6.0414,6.3505,6.462857143,6.575214286,6.687571429,6.799928571,6.912285714,7.024642857,7.137,6.8554,6.5738,6.2922,6.0106,5.968833333,5.927066667,5.8853,5.843533333,5.801766667,5.76,5.705333333,5.650666667,5.596,5.541333333,5.486666667,5.432,6.342,5.37,5.225,5.051,5.25,3.923,4.03,3.959,4.73652,4.918461498,4.463075,4.6726,,
IBRD only,IBD,"Annual freshwater withdrawals, total (billion cubic meters)",ER.H2O.FWTL.K3,,,,,,,,,,,,,,,,,,,,,,,,,,,,,,,,,,,,,,,,,,,,,,,,,,,,,,,2489.770825,2490.088456,2531.076035,2555.084676,2548.627777,2579.845364,2544.623718,,
IDA & IBRD total,IBT,"Annual freshwater withdrawals, total (billion cubic meters)",ER.H2O.FWTL.K3,,,,,,,,,,,,,,,,,,,,,,,,,,,,,,,,,,,,,,,,,,,,,,,,,,,,,,,3003.952088,3011.761898,3054.30936,3081.572368,3071.530432,3088.169853,3065.428828,,
IDA total,IDA,"Annual freshwater withdrawals, total (billion cubic meters)",ER.H2O.FWTL.K3,,,,,,,,,,,,,,,,,,,,,,,,,,,,,,,,,,,,,,,,,,,,,,,,,,,,,,,514.1812636,521.6734419,523.2333249,526.4876924,522.9026549,508.3244895,520.8051095,,
IDA blend,IDB,"Annual freshwater withdrawals, total (billion cubic meters)",ER.H2O.FWTL.K3,,,,,,,,,,,,,,,,,,,,,,,,,,,,,,,,,,,,,,,,,,,,,,,,,,,,,,,267.332075,274.0206,277.1196,281.6066,274.8129817,259.1829817,271.6629817,,
Indonesia,IDN,"Annual freshwater withdrawals, total (billion cubic meters)",ER.H2O.FWTL.K3,,,,,,,,,,,,,,,,,,,,,,,,,,,,,,,74.3263,78.22067,82.11504,86.00941,89.90338,93.79815,97.69192,101.58619,105.48046,109.37473,113.27,120.1053125,126.940625,133.7759375,140.61125,147.4465625,154.281875,161.1171875,167.9525,174.7878125,181.623125,188.4584375,195.29375,202.1290625,208.964375,215.7996875,222.635,222.635,222.635,222.635,222.635,,
IDA only,IDX,"Annual freshwater withdrawals, total (billion cubic meters)",ER.H2O.FWTL.K3,,,,,,,,,,,,,,,,,,,,,,,,,,,,,,,,,,,,,,,,,,,,,,,,,,,,,,,246.8491886,247.6528419,246.1137249,244.8810924,248.0896733,249.1415078,249.1421278,,
Isle of Man,IMN,"Annual freshwater withdrawals, total (billion cubic meters)",ER.H2O.FWTL.K3,,,,,,,,,,,,,,,,,,,,,,,,,,,,,,,,,,,,,,,,,,,,,,,,,,,,,,,,,,,,,,,
India,IND,"Annual freshwater withdrawals, total (billion cubic meters)",ER.H2O.FWTL.K3,,,,,,,,,,,,,,,,380,391.67,403.34,415.01,426.68,438.35,450.02,461.69,473.36,485.03,496.7,497.36,498.02,498.68,499.34,500,511.03995,522.0799,533.11985,544.1598,555.19975,566.2397,577.2795,588.3195,599.35955,610.3995,625.45949,640.51948,655.57947,625.2397,628.94975,632.6598,636.36985,640.0799,643.78995,647.5,647.5,647.5,647.5,647.5,647.5,647.5,647.5,647.5,647.5,647.5,,
Not classified,INX,"Annual freshwater withdrawals, total (billion cubic meters)",ER.H2O.FWTL.K3,,,,,,,,,,,,,,,,,,,,,,,,,,,,,,,,,,,,,,,,,,,,,,,,,,,,,,,,,,,,,,,
Ireland,IRL,"Annual freshwater withdrawals, total (billion cubic meters)",ER.H2O.FWTL.K3,,,,,,,,,,,,,,,,,,,,,1.07,1.077571429,1.085142857,1.092714286,1.100285714,1.107857143,1.115428571,1.123,1.130571429,1.138142857,1.145714286,1.153285714,1.160857143,1.168428571,1.176,1.141727273,1.107454546,1.073181818,1.038909091,1.004636364,0.9703636364,0.9360909091,0.9018181818,0.8675454545,0.8332727273,0.799,0.7645,0.73,0.7435,0.757,0.8314444444,0.9058888889,0.9803333333,1.054777778,1.129222222,1.203666667,1.278111111,1.352555556,1.427,1.5357,1.5408,,
"Iran, Islamic Rep.",IRN,"Annual freshwater withdrawals, total (billion cubic meters)",ER.H2O.FWTL.K3,,,,,,,,,,,,,,,,45,46.39088889,47.78177778,49.17266667,50.56355556,51.95527778,53.34633333,54.73738889,56.12844444,57.5195,58.91055556,60.30161111,61.69266667,63.08372222,64.47477778,65.86583333,67.25422222,68.64511111,70.036,76.5165,82.997,84.097,85.197,86.297,87.397,88.497,89.64775,90.7985,91.94925,92.95,92.95,92.95,92.95,92.95,92.95,92.95,92.95,92.95,92.95,92.95,92.95,92.95,92.95,92.95,92.95,92.95,,
Iraq,IRQ,"Annual freshwater withdrawals, total (billion cubic meters)",ER.H2O.FWTL.K3,,,,,,,,,,,,,,,,40.56,40.607,40.654,40.701,40.748,40.795,40.84,40.885,40.93,40.975,41.02,41.376,41.732,42.088,42.444,42.8,45.12,47.44,49.76,52.08,54.4,56.72,59.0326,61.3526,63.6726,65.9926,64.13512857,62.27765714,60.42018571,58.56271429,56.70524286,54.84777143,52.9903,51.13282857,49.27535714,47.41788571,45.56041429,43.69794286,41.84047143,39.983,34.904,38.51,43.063,33.564,56.614,56.614,,
Iceland,ISL,"Annual freshwater withdrawals, total (billion cubic meters)",ER.H2O.FWTL.K3,,,,,,,,,,,,,,,,,,,,,0.108,0.1088,0.1096,0.1104,0.1112,0.112,0.123,0.134,0.145,0.156,0.167,0.167,0.167,0.1665,0.166,0.1655,0.165,0.1645,0.164,0.1635,0.163,0.164,0.165,0.165,0.165,0.1813583333,0.1977166667,0.214075,0.2304333333,0.2467916667,0.26315,0.278675,0.294,0.2911,0.2754,0.2795,0.26,0.29,0.29,0.29,0.29,,
Israel,ISR,"Annual freshwater withdrawals, total (billion cubic meters)",ER.H2O.FWTL.K3,,,,,,,,,,,1.543425,1.5556,1.5662,1.5768,1.5874,1.598,1.6086,1.6192,1.6298,1.6389,1.648,1.6789,1.7098,1.731866667,1.753933333,1.776,1.7645,1.696,1.665,1.634,1.5724,1.562,1.5516,1.5412,1.5308,1.5324,1.5486,1.5648,1.581,1.5972,1.6134,1.57845,1.5435,1.72,1.419,1.405833333,1.392666667,1.3795,1.366333333,1.353166667,1.34,1.3012,1.2624,1.223,1.184,1.146,1.199,1.201,1.112,1.164,1.276,,
Italy,ITA,"Annual freshwater withdrawals, total (billion cubic meters)",ER.H2O.FWTL.K3,,,,,,,,,,,41.6,42.13587143,42.67174286,43.20761429,43.74348571,44.27935714,44.81322857,45.3471,45.88097143,46.41484286,46.94871429,46.37698571,45.80525714,45.23352857,44.6618,44.09007143,43.51634286,42.89261429,42.30311905,41.71362381,41.12412857,41.62431111,42.12449365,42.62467619,43.12485873,43.62504127,44.12522381,44.62540635,45.12558889,45.0647,45.05253333,43.38774902,41.72296471,40.0581804,38.39339609,36.68161178,35.04899414,33.4163765,53.56205556,33.59342692,33.70095214,33.80847735,33.91600256,33.98352778,33.97182222,33.96011667,33.86841111,33.77670556,33.685,33.845,33.645,,
Jamaica,JAM,"Annual freshwater withdrawals, total (billion cubic meters)",ER.H2O.FWTL.K3,,,,,,,,,,,,,,,,,,,,,,,,,,,,,,,,,,0.9275,0.9571428571,0.9867857143,1.016428571,1.046071429,1.075714286,1.105357143,1.135,1.164642857,1.194285714,1.223928571,1.253571429,1.283214286,1.312857143,1.3425,1.372142857,1.401785714,1.431428571,1.461071429,1.490714286,1.520357143,1.55,0.83,1.35,1.35,1.35,1.35,1.35,,
Jordan,JOR,"Annual freshwater withdrawals, total (billion cubic meters)",ER.H2O.FWTL.K3,,,,,,,,,,,,,,,,0.451,0.4678,0.4846,0.5014,0.5182,0.535,0.5518,0.5686,0.5854,0.6022,0.619,0.6716,0.7242,0.7768,0.8294,0.835,0.8855714286,0.9361428571,0.9128392857,0.8908857143,0.8689321429,0.8469785714,0.825025,0.8032,0.774375,0.74555,0.6981071429,0.7386642857,0.7432214286,0.8027785714,0.8662,0.917,0.932,0.928,0.863,0.893,0.796,0.849,0.901,0.9698,0.8682,0.9036,0.9069,0.923,0.94184,0.94184,,
Japan,JPN,"Annual freshwater withdrawals, total (billion cubic meters)",ER.H2O.FWTL.K3,,,,,,,,,,,,,,,,,,,,,88.2,88.47966667,88.75933333,89.039,89.31866667,89.59833333,89.878,90.15766667,90.43733333,90.717,90.99666667,91.19833333,91.4,90.56,89.72,88.84,89.015,89.19,89.59333333,89.99666667,90.4,87.425,84.45,84.11,83.77,83.43,83.09,82.75,81.986,81.222,81.00457143,80.78714286,80.56971429,80.35228571,80.13485714,79.91742857,79.7,79.3,79.1,78.4,78.4,,
Kazakhstan,KAZ,"Annual freshwater withdrawals, total (billion cubic meters)",ER.H2O.FWTL.K3,,,,,,,,,,,,,,,,,,,,,,,,,,,,,,,,,,33.241,32.657,32.073,29.5392,27.0054,24.4716,21.9378,21,20.83,22.26,22.96,23.64,24.8,21.24,22.81,20.47,21.54,23.81,21.95,21.39,22.53,23.08,21.66,21.63,22.45,23.542,23.516,24.585,,
Kenya,KEN,"Annual freshwater withdrawals, total (billion cubic meters)",ER.H2O.FWTL.K3,,,,,,,,,,,,,,,,,,,,,,,,,,,,,,,2.049,2.000092308,1.951184615,1.902276923,1.853369231,1.804461539,1.755553846,1.706646154,1.657738462,1.608830769,1.559923077,1.813282051,2.066641026,2.32,2.448285714,2.576571429,2.704857143,2.833142857,2.961428571,3.089714286,3.218,3.2184,3.2188,3.2192,3.2196,3.22,4.032,4.032,4.032,4.032,4.032,,
Kyrgyz Republic,KGZ,"Annual freshwater withdrawals, total (billion cubic meters)",ER.H2O.FWTL.K3,,,,,,,,,,,,,,,,,,,,,,,,,,,,,,,,,,,9.79,9.838333333,9.886666667,9.935,9.983333333,10.03166667,10.08,9.6845,9.289,8.8935,8.498,8.1025,7.707,7.707,7.707,7.707,7.707,7.707,7.707,7.707,7.707,7.707,7.707,7.707,7.707,7.707,7.707,,
Cambodia,KHM,"Annual freshwater withdrawals, total (billion cubic meters)",ER.H2O.FWTL.K3,,,,,,,,,,,,,,,,,,,,,,,,,,,,,,,,,,,,,,,,,,,,,,,2.184,2.184,2.184,2.184,2.184,2.184,2.184,2.184,2.184,2.184,2.184,2.184,2.184,2.184,2.184,,
Kiribati,KIR,"Annual freshwater withdrawals, total (billion cubic meters)",ER.H2O.FWTL.K3,,,,,,,,,,,,,,,,,,,,,,,,,,,,,,,,,,,,,,,,,,,,,,,,,,,,,,,,,,,,,,,
St. Kitts and Nevis,KNA,"Annual freshwater withdrawals, total (billion cubic meters)",ER.H2O.FWTL.K3,,,,,,,,,,,,,,,,,,,,,,,,,,,,,,,,,,,,,,,,,,,,,,,,,,,,,0.0122,0.0122,0.0122,0.0122,0.0122,0.0122,0.0122,0.0122,0.0122,,
"Korea, Rep.",KOR,"Annual freshwater withdrawals, total (billion cubic meters)",ER.H2O.FWTL.K3,,,,,,,,,,,,,,,,,,,,,,,,,,,,,,,20.57,21.26571429,21.96142857,22.65714286,23.35285714,24.04857143,24.74428571,25.44,26.1856,26.9312,27.6768,28.4224,29.168,29.17766667,29.18733333,29.197,29.197,29.197,29.197,29.197,29.197,29.197,29.197,29.197,29.197,29.197,29.197,29.197,29.197,29.197,29.197,,
Kuwait,KWT,"Annual freshwater withdrawals, total (billion cubic meters)",ER.H2O.FWTL.K3,,,,,,,,,,,,,,,,,,,,,,,,,,,,,,,,,,0.307,0.2590634921,0.2771144841,0.2951654762,0.3132164683,0.3312674603,0.3568184524,0.3823694444,0.3986847222,0.415,0.4353692308,0.4557384615,0.4761076923,0.4964769231,0.5168461538,0.5372153846,0.5575846154,0.5779538462,0.5983230769,0.6186923077,0.6390615385,0.6594307692,0.6798,0.715,0.7701,0.7701,0.7701,0.7701,,
Latin America & Caribbean (excluding high income),LAC,"Annual freshwater withdrawals, total (billion cubic meters)",ER.H2O.FWTL.K3,,,,,,,,,,,,,,,,,,,,,,,,,,,,,,,,,,,,,,,,,,,,,,,,,,,,,,,282.6142882,286.2965317,294.2872292,296.3794678,300.7395765,304.5549035,305.3812698,,
Lao PDR,LAO,"Annual freshwater withdrawals, total (billion cubic meters)",ER.H2O.FWTL.K3,,,,,,,,,,,,,,,,,,,,,,,,,,,,,,,,,,,,,,,,,,,,,,3.493,3.946,4.399,4.852,5.305,5.758,6.211,6.664,7.117,7.57,7.85,7.66,7.32,7.32,7.35,7.35,,
Lebanon,LBN,"Annual freshwater withdrawals, total (billion cubic meters)",ER.H2O.FWTL.K3,,,,,,,,,,,,,,,,0.751,0.7795263158,0.8078421053,0.8365789474,0.8646842105,0.8936315789,0.9215263158,0.9506842105,0.9792105263,1.007736842,1.036263158,1.064789474,1.09331579,1.121842105,1.150368421,1.178894737,1.205421053,1.234157895,1.262473684,1.291,1.314333333,1.337666667,1.361,1.384333333,1.407666667,1.266,1.2414,1.2168,1.1922,1.1676,1.096,1.1676,1.2392,1.3108,1.3824,1.454,1.5256,1.5972,1.6688,1.7404,1.812,1.812,1.812,1.812,1.812,1.812,,
Liberia,LBR,"Annual freshwater withdrawals, total (billion cubic meters)",ER.H2O.FWTL.K3,,,,,,,,,,,,,,,,,,,,,,,,,,,,0.13,0.1300615385,0.1301230769,0.1301846154,0.1302461538,0.1303076923,0.1303692308,0.1304307692,0.1304923077,0.1305538462,0.1306153846,0.1306769231,0.1307384615,0.1308,0.13382,0.13684,0.13986,0.14288,0.1459,0.1459,0.1459,0.1459,0.1459,0.1459,0.1459,0.1459,0.1459,0.1459,0.1459,0.1459,0.1459,0.1459,0.1459,0.1459,,
Libya,LBY,"Annual freshwater withdrawals, total (billion cubic meters)",ER.H2O.FWTL.K3,,,,,,,,,,,,,,,,1.2,1.254,1.308,1.362,1.416,1.47,1.799,2.128,2.457,2.786,3.115,3.444,3.773,4.102,4.431,4.76,4.72,4.68,4.64,4.6,4.55428,4.50856,4.46284,4.39912,4.3534,4.308,4.4237,4.5394,4.6551,4.7708,4.8865,5.005571429,5.124642857,5.243714286,5.362785714,5.481857143,5.600928571,5.72,5.72,5.72,5.72,5.72,5.72,5.72,5.72,5.72,,
St. Lucia,LCA,"Annual freshwater withdrawals, total (billion cubic meters)",ER.H2O.FWTL.K3,,,,,,,,,,,,,,,,,,,,,,,,,,,,,,,,,,,,,,,,,,,,,,,,0.0429,0.0429,0.0429,0.0429,0.0429,0.0429,0.0429,0.0429,0.0429,0.0429,0.0429,0.0429,0.0429,0.0429,,
Latin America & Caribbean,LCN,"Annual freshwater withdrawals, total (billion cubic meters)",ER.H2O.FWTL.K3,,,,,,,,,,,,,,,,,,,,,,,,,,,,,,,,,,,,,,,,,,,,,,,,,,,,,,,346.7906882,350.4947317,358.4455292,360.5377678,364.8978765,368.7132035,369.5395698,,
Least developed countries: UN classification,LDC,"Annual freshwater withdrawals, total (billion cubic meters)",ER.H2O.FWTL.K3,,,,,,,,,,,,,,,,,,,,,,,,,,,,,,,,,,,,,,,,,,,,,,,,,,,,,,,196.611137,197.4513905,197.6009626,197.1573442,198.6079392,198.8604078,198.8604078,,
Low income,LIC,"Annual freshwater withdrawals, total (billion cubic meters)",ER.H2O.FWTL.K3,,,,,,,,,,,,,,,,,,,,,,,,,,,,,,,,,,,,,,,,,,,,,,,,,,,,,,,107.7901598,108.3270644,108.6721626,108.5055442,110.3885208,110.6109895,110.6109895,,
Liechtenstein,LIE,"Annual freshwater withdrawals, total (billion cubic meters)",ER.H2O.FWTL.K3,,,,,,,,,,,,,,,,,,,,,,,,,,,,,,,,,,,,,,,,,,,,,,,,,,,,,,,,,,,,,,,
Sri Lanka,LKA,"Annual freshwater withdrawals, total (billion cubic meters)",ER.H2O.FWTL.K3,,,,,,,,,,,,,,,,,,,,,,,,,,,,,,,9.769,10.09316,10.41732,10.74148,11.06564,11.3898,11.71396,12.03812,12.36228,12.68644,13.0106,12.99768,12.98476,12.97184,12.95892,12.946,12.946,12.946,12.946,12.946,12.946,12.946,12.946,12.946,12.946,12.946,12.946,12.946,12.946,12.946,12.946,,
Lower middle income,LMC,"Annual freshwater withdrawals, total (billion cubic meters)",ER.H2O.FWTL.K3,,,,,,,,,,,,,,,,,,,,,,,,,,,,,,,,,,,,,,,,,,,,,,,,,,,,,,,1619.871612,1634.597212,1643.745756,1670.422035,1666.567647,1645.448629,1656.886049,,
Low & middle income,LMY,"Annual freshwater withdrawals, total (billion cubic meters)",ER.H2O.FWTL.K3,,,,,,,,,,,,,,,,,,,,,,,,,,,,,,,,,,,,,,,,,,,,,,,,,,,,,,,2939.023694,2946.807904,2989.652266,3016.725674,3007.534338,3024.82068,3002.424434,,
Lesotho,LSO,"Annual freshwater withdrawals, total (billion cubic meters)",ER.H2O.FWTL.K3,,,,,,,,,,,,,,,,,,,,,,,,,,,,0.05,0.0493679487,0.0487358974,0.0481038462,0.0474717949,0.0468397436,0.0462076923,0.045575641,0.0449435897,0.0443115385,0.0436794872,0.0430474359,0.0424153846,0.0438,0.0438,0.0438,0.0438,0.0438,0.0438,0.0438,0.0438,0.0438,0.0438,0.0438,0.0438,0.0438,0.0438,0.0438,0.0438,0.0438,0.0438,0.0438,0.0438,0.0438,,
Late-demographic dividend,LTE,"Annual freshwater withdrawals, total (billion cubic meters)",ER.H2O.FWTL.K3,,,,,,,,,,,,,,,,,,,,,,,,,,,,,,,,,,,,,,,,,,,,,,,,,,,,,,,1062.940153,1053.57066,1073.679494,1065.966898,1064.929114,1075.637376,1042.708207,,
Lithuania,LTU,"Annual freshwater withdrawals, total (billion cubic meters)",ER.H2O.FWTL.K3,,,,,,,,,,,,,,,,,,,,,,,,,,,,,,,,,,,,4.3472,4.084,3.8208,3.5576,3.2944,3.0312,2.768,2.6661,2.5642,2.4623,2.3604,2.3122,2.264,1.8546,1.4452,1.0358,0.6264,0.5368,0.4472,0.3576,0.3818,0.3079,0.259,0.25439,0.25439,0.25439,,
Luxembourg,LUX,"Annual freshwater withdrawals, total (billion cubic meters)",ER.H2O.FWTL.K3,,,,,,,,,,,0.0348,0.03634,0.03788,0.03942,0.04096,0.0425,0.04194,0.04138,0.04082,0.04026,0.0397,0.04516,0.05062,0.05608,0.06154,0.067,0.066,0.065,0.064,0.063,0.062,0.061,0.06,0.059,0.058,0.057,0.05795,0.0589,0.05985,0.0608,0.05942,0.05804,0.05666,0.05528,0.0539,0.05252,0.05114,0.04976,0.04838,0.047,0.0476,0.0463,0.0446,0.0431,0.046,0.0448,0.0444,0.0456,0.0522,0.0493,0.0478,,
Latvia,LVA,"Annual freshwater withdrawals, total (billion cubic meters)",ER.H2O.FWTL.K3,,,,,,,,,,,,,,,,,,,,,,,,,,,,,,,,,,,,0.4061866667,0.3830733333,0.35996,0.3368466667,0.3137333333,0.29062,0.2675066667,0.2445,0.23692,0.22934,0.22176,0.21418,0.2066,0.2288,0.3949,0.2752,0.3691,0.2482,0.236,0.1685,0.1767,0.185857867,0.181117561,0.183349,0.178629,0.181211,,
"Macao SAR, China",MAC,"Annual freshwater withdrawals, total (billion cubic meters)",ER.H2O.FWTL.K3,,,,,,,,,,,,,,,,,,,,,,,,,,,,,,,,,,,,,,,,,,,,,,,,,,,,,,,,,,,,,,,
St. Martin (French part),MAF,"Annual freshwater withdrawals, total (billion cubic meters)",ER.H2O.FWTL.K3,,,,,,,,,,,,,,,,,,,,,,,,,,,,,,,,,,,,,,,,,,,,,,,,,,,,,,,,,,,,,,,
Morocco,MAR,"Annual freshwater withdrawals, total (billion cubic meters)",ER.H2O.FWTL.K3,,,,,,,,,,,,,,,,9,9.21,9.42,9.63,9.84,10.05,10.24,10.43,10.62,10.81,11,10.796,10.592,10.388,10.184,9.9766,10.5091,11.0416,11.0346,11.1866,11.2566,11.33608,11.65206,11.96804,12.28402,12.6,13.7065,14.813,14.283,13.753,13.223,12.693,12.163,11.633,11.103,10.573,10.573,10.573,10.573,10.573,10.573,10.573,10.573,10.573,10.573,10.573,,
Monaco,MCO,"Annual freshwater withdrawals, total (billion cubic meters)",ER.H2O.FWTL.K3,,,,,,,,,,,,,,,,,,,,,,,,,,,,,,,0.0067,0.0066,0.0065,0.0064,0.0063,0.0062,0.0062,0.006,0.006,0.0061,0.006,0.0059,0.0058,0.0062,0.0055,0.0057,0.0056,0.0055,0.0052,0.005,0.005,0.005,0.005,0.005,0.005,0.005,0.005,0.005,0.005,0.005,0.005,,
Moldova,MDA,"Annual freshwater withdrawals, total (billion cubic meters)",ER.H2O.FWTL.K3,,,,,,,,,,,,,,,,,,,,,,,,,,,,,,,,,1.963,1.85265,1.7423,1.63195,1.5216,1.488954546,1.456309091,1.423663636,1.391018182,0.874,0.866,0.864,0.852,0.852,0.854,0.854,0.885,0.865,0.851,0.847,0.85,0.839,0.837,0.84,0.843,0.84,0.837,0.839,0.846,,
Madagascar,MDG,"Annual freshwater withdrawals, total (billion cubic meters)",ER.H2O.FWTL.K3,,,,,,,,,,,,,,,,,,,,,,,,,16.303,16.1196625,15.936325,15.7529875,15.56965,15.3863125,15.202975,15.0196375,14.8363,14.6529625,14.469625,14.2862875,14.10295,13.9196125,13.736275,13.5529375,13.3696,13.38718,13.40476,13.42234,13.43992,13.4575,13.4575,13.4575,13.4575,13.4575,13.4575,13.4575,13.4575,13.4575,13.4575,13.4575,13.4575,13.4575,13.4575,13.4575,13.4575,,
Maldives,MDV,"Annual freshwater withdrawals, total (billion cubic meters)",ER.H2O.FWTL.K3,,,,,,,,,,,,,,,,,,,,,,,,,,,,0.0034,0.0035190476,0.0035238095,0.0035857143,0.0034761905,0.0037095238,0.0037714286,0.0038333333,0.0045961538,0.0047644231,0.0049326923,0.0051009615,0.0052692308,0.0053,0.0051375,0.005075,0.0050125,0.00495,0.0043428571,0.0044619048,0.0046380952,0.0047,0.0028571429,0.0010142857,0.0047,0.0047,0.0047,0.0047,0.0047,0.0047,0.0047,0.0047,0.0047,0.0047,,
Middle East & North Africa,MEA,"Annual freshwater withdrawals, total (billion cubic meters)",ER.H2O.FWTL.K3,,,,,,,,,,,,,,,,,,,,,,,,,,,,,,,,,,,,,,,,,,,,,,,,,,,,,,,270.547555,267.3732455,270.7284,293.1335,284.3177546,307.4209445,307.5651793,,
Mexico,MEX,"Annual freshwater withdrawals, total (billion cubic meters)",ER.H2O.FWTL.K3,,,,,,,,,,,,,,,,,,,,,55.97,56.58004286,57.19008571,57.80012857,58.41017143,59.02021429,59.63025714,60.2403,60.85034286,61.46038571,62.07042857,62.68047143,63.29051429,63.90055714,64.5106,65.12064286,65.73068571,66.34072857,66.95077143,67.56081429,68.17085714,68.7809,72.3,74.7,75.2,76.2,77,78.65,79.7809,76.64,79.63,79.48,82.73,81.65,84.93,85.66,86.577,87.84,88.84,89.351,89.548,,
Marshall Islands,MHL,"Annual freshwater withdrawals, total (billion cubic meters)",ER.H2O.FWTL.K3,,,,,,,,,,,,,,,,,,,,,,,,,,,,,,,,,,,,,,,,,,,,,,,,,,,,,,,,,,,,,,,
Middle income,MIC,"Annual freshwater withdrawals, total (billion cubic meters)",ER.H2O.FWTL.K3,,,,,,,,,,,,,,,,,,,,,,,,,,,,,,,,,,,,,,,,,,,,,,,,,,,,,,,2821.006511,2828.248987,2870.772297,2897.964336,2887.873599,2904.973272,2882.577026,,
North Macedonia,MKD,"Annual freshwater withdrawals, total (billion cubic meters)",ER.H2O.FWTL.K3,,,,,,,,,,,,,,,,,,,,,,,,,,,,,,,,,,,,,1.555,1.33925,1.1235,0.90775,0.692,0.6626,0.6332,0.8077333333,0.9822666667,1.1568,0.854,0.5512,0.79915,1.0471,0.909,0.7709,0.6328,0.4947,0.6777413333,0.8607826667,1.043824,1.598767,2.15371,1.59918,1.59918,,
Mali,MLI,"Annual freshwater withdrawals, total (billion cubic meters)",ER.H2O.FWTL.K3,,,,,,,,,,,,,,,,,,,,,,,,,,,,1.36,1.631017544,1.902035088,2.173052632,2.444070175,2.715087719,2.986105263,3.257122807,3.528140351,3.799157895,4.055842105,4.312526316,4.569210526,4.825894737,5.082578947,5.103263158,5.123947368,5.144631579,5.16531579,5.186,5.186,5.186,5.186,5.186,5.186,5.186,5.186,5.186,5.186,5.186,5.186,5.186,5.186,5.186,,
Malta,MLT,"Annual freshwater withdrawals, total (billion cubic meters)",ER.H2O.FWTL.K3,,,,,,,,,,,,,,,,,,,,,0.02,0.0224,0.0248,0.0272,0.0296,0.0269,0.02654,0.02618,0.02582,0.02546,0.0251,0.02474,0.02438,0.02402,0.02366,0.0233,0.0248285714,0.0263571429,0.0278857143,0.0294142857,0.0309428571,0.0324714286,0.034,0.03456,0.0346,0.03568,0.03624,0.0368,0.0358,0.0317,0.0409,0.0381,0.0401,0.0461,0.045,0.0418,0.0419,0.046,0.0427346165,0.0409045258,0.0413392695,,
Myanmar,MMR,"Annual freshwater withdrawals, total (billion cubic meters)",ER.H2O.FWTL.K3,,,,,,,,,,,,,,,,,,,,,,,,,,,,28.256,28.63825385,29.02138462,29.40276154,29.78501538,30.16726923,30.54952308,30.93177692,31.31403077,31.69628462,32.07853846,32.46079231,32.84304615,33.231,33.231,33.231,33.231,33.231,33.231,33.231,33.231,33.231,33.231,33.231,33.231,33.231,33.231,33.231,33.231,33.231,33.231,33.231,33.231,33.231,,
Middle East & North Africa (excluding high income),MNA,"Annual freshwater withdrawals, total (billion cubic meters)",ER.H2O.FWTL.K3,,,,,,,,,,,,,,,,,,,,,,,,,,,,,,,,,,,,,,,,,,,,,,,,,,,,,,,242.5508333,238.145,241.9036,263.6893,254.47282,277.58384,277.67764,,
Montenegro,MNE,"Annual freshwater withdrawals, total (billion cubic meters)",ER.H2O.FWTL.K3,,,,,,,,,,,,,,,,,,,,,,,,,,,,,,,,,,,,,,,,,,,,,,,0.1622666667,0.1694333333,0.1609,0.1609,0.1609,0.1609,0.1609,0.1609,0.1609,0.1609,0.1609,0.1609,0.1609,0.1609,0.1609,,
Mongolia,MNG,"Annual freshwater withdrawals, total (billion cubic meters)",ER.H2O.FWTL.K3,,,,,,,,,,,,,,,,,,,,,,,,,,,,,,,,,,0.428,0.4366153846,0.4452307692,0.4538461538,0.4624615385,0.4710769231,0.4796923077,0.4883076923,0.4969230769,0.5055384615,0.5141538462,0.5227692308,0.5112,0.54,0.5436666667,0.5473333333,0.551,0.5307666667,0.5105333333,0.4903,0.4700666667,0.4498333333,0.4296,0.4624,0.4624,0.4624,0.4624,0.4624,,
Northern Mariana Islands,MNP,"Annual freshwater withdrawals, total (billion cubic meters)",ER.H2O.FWTL.K3,,,,,,,,,,,,,,,,,,,,,,,,,,,,,,,,,,,,,,,,,,,,,,,,,,,,,,,,,,,,,,,
Mozambique,MOZ,"Annual freshwater withdrawals, total (billion cubic meters)",ER.H2O.FWTL.K3,,,,,,,,,,,,,,,,,,,,,,,,,,,,,,,0.605,0.6315563636,0.6581127273,0.6846690909,0.7112254545,0.7377818182,0.7643381818,0.7908945455,0.8174509091,0.8440072727,0.8705636364,0.90334,0.9500514286,0.9967628571,1.043474286,1.090185714,1.128467143,1.166748571,1.20503,1.243311429,1.281592857,1.319874286,1.358155714,1.396437143,1.434718571,1.473,1.473,1.473,1.473,1.473,1.473,,
Mauritania,MRT,"Annual freshwater withdrawals, total (billion cubic meters)",ER.H2O.FWTL.K3,,,,,,,,,,,,,,,,,,,,,0.73,0.909615,1.08923,1.268845,1.44846,1.628075,1.626283333,1.624491667,1.6227,1.620908333,1.617116667,1.615325,1.613533333,1.611741667,1.60995,1.608158333,1.606366667,1.604575,1.602783333,1.600991667,1.5992,1.53515,1.4711,1.40705,1.343,1.3482,1.3482,1.3482,1.3482,1.3482,1.3482,1.3482,1.3482,1.3482,1.3482,1.3482,1.3482,1.3482,1.3482,1.3482,1.3482,,
Mauritius,MUS,"Annual freshwater withdrawals, total (billion cubic meters)",ER.H2O.FWTL.K3,,,,,,,,,,,,,,,0.36,0.36,0.3737333333,0.3874666667,0.4012,0.4149333333,0.4286666667,0.4424,0.4561333333,0.4698666667,0.4836,0.4973333333,0.5110666667,0.5248,0.5385333333,0.5522666667,0.566,0.5758,0.5856,0.5954,0.6052,0.615,0.614,0.613,0.612,0.611,0.61,0.6483333333,0.6866666667,0.725,0.708,0.691,0.682,0.63,0.766,0.632,0.637,0.571,0.582,0.608,0.62,0.612,0.62,0.61,0.591,0.595,0.607,,
Malawi,MWI,"Annual freshwater withdrawals, total (billion cubic meters)",ER.H2O.FWTL.K3,,,,,,,,,,,,,,,,,,,,,,,,,,,,,,,,,,,0.936,0.9860416667,1.036083333,1.086125,1.136166667,1.186208333,1.23625,1.287135,1.33802,1.34428,1.35054,1.3568,1.3568,1.3568,1.3568,1.3568,1.3568,1.3568,1.3568,1.3568,1.3568,1.3568,1.3568,1.3568,1.3568,1.3568,1.3568,,
Malaysia,MYS,"Annual freshwater withdrawals, total (billion cubic meters)",ER.H2O.FWTL.K3,,,,,,,,,,,,,,,,,,,,,,,,,,,,,,,10.1127,9.380066667,8.647433333,7.9148,7.182166667,7.499,5.484,5.523052632,5.562105263,5.601157895,5.640210526,5.679263158,5.71831579,5.757368421,5.796421053,5.835521053,5.874526316,5.913578947,5.952631579,5.991684211,6.030736842,6.069789474,6.108842105,6.147894737,6.186947368,6.226,6.552,6.707,6.707,6.707,6.707,,
North America,NAC,"Annual freshwater withdrawals, total (billion cubic meters)",ER.H2O.FWTL.K3,,,,,,,,,,,,,,,,,,,,,,,,,,,,,,,,,,,,,,,,,,,,,,,,,,,,,,,475.7818894,480.1261118,480.3876118,480.6491118,480.6491118,480.6491118,480.6491118,,
Namibia,NAM,"Annual freshwater withdrawals, total (billion cubic meters)",ER.H2O.FWTL.K3,,,,,,,,,,,,,,,,,,,,,,,,,,0.14,0.1581,0.1762,0.1943,0.21264,0.2305,0.2487,0.2547,0.2607,0.2667,0.2727,0.2669,0.2749,0.2829,0.297,0.2935445455,0.2877222727,0.2819,0.2819,0.2819,0.2819,0.2819,0.2819,0.2819,0.2819,0.2819,0.2819,0.2819,0.2819,0.2819,0.2819,0.2819,0.2819,0.2819,0.2819,0.2819,,
New Caledonia,NCL,"Annual freshwater withdrawals, total (billion cubic meters)",ER.H2O.FWTL.K3,,,,,,,,,,,,,,,,,,,,,,,,,,,,,,,,,,,,,,,,,,,,,,,,,,,,,,,,,,,,,,,
Niger,NER,"Annual freshwater withdrawals, total (billion cubic meters)",ER.H2O.FWTL.K3,,,,,,,,,,,,,,,,,,,,,,,,,,,,,0.5,0.5284470588,0.5568941176,0.5853411765,0.6137882353,0.6422352941,0.6706823529,0.6991294118,0.7275764706,0.7560235294,0.7844705882,0.8129176471,0.8413647059,0.8698117647,0.8982588235,0.9267058824,0.9551529412,0.9836,1.042255556,1.100911111,1.159566667,1.218222222,1.276877778,1.335533333,1.394188889,1.452844444,1.5115,1.7215,1.7472,1.581289,2.431511,2.5833078,2.5833078,,
Nigeria,NGA,"Annual freshwater withdrawals, total (billion cubic meters)",ER.H2O.FWTL.K3,,,,,,,,,,,,,,,,,,,,,,,,,,,,5.59,5.952538462,6.315538462,6.675307692,7.038076923,7.400846154,7.763615385,8.126384615,8.489153846,8.851923077,9.215384615,9.577461539,9.940461539,10.303,10.5566,10.8102,11.0638,11.3174,11.571,11.7512,11.9314,12.1116,12.2918,12.472,12.472,12.472,12.472,12.472,12.472,12.472,12.472,12.472,12.472,12.472,,
Nicaragua,NIC,"Annual freshwater withdrawals, total (billion cubic meters)",ER.H2O.FWTL.K3,,,,,,,,,,,,,,,,,,,,,,,,,,,,,,,,,,,,,,,1.2848,1.336290476,1.386680952,1.438171429,1.455828571,1.473485714,1.491142857,1.5088,1.5198,1.5308,1.5418,1.526910909,1.512021818,1.497132727,1.469118636,1.441104546,1.413090455,1.385076364,1.357062273,1.329048182,1.301034091,1.2724,1.27302,,
Netherlands,NLD,"Annual freshwater withdrawals, total (billion cubic meters)",ER.H2O.FWTL.K3,,,,,,,,,,,,,,,,,,,,,9.198,9.2282,9.2584,9.2886,9.3188,9.349,9.0758,8.8026,8.5294,8.2562,7.983,7.983,7.6878,7.3926,7.0974,6.8022,6.507,6.9885,7.47,7.9515,8.433,8.9145,9.573575,10.23265,10.891725,11.5508,11.2462,10.94,10.71,11.41,10.93,10.19,10.72,10.64,9.49,8.411,8.0234,7.9162,8.0902,8.4034,8.306,,
Norway,NOR,"Annual freshwater withdrawals, total (billion cubic meters)",ER.H2O.FWTL.K3,,,,,,,,,,,,,,,,,,,,,2,2.02624375,2.0525,2.07873125,2.104975,2.13121875,2.1574625,2.18370625,2.20995,2.23619375,2.2624375,2.28868125,2.314925,2.34116875,2.3674125,2.39365625,2.4199,2.396033333,2.372166667,2.3483,2.406414286,2.569128571,2.554042857,2.578657143,2.809271429,2.739185714,2.939,3.026,2.93425,2.8425,2.8056,2.7687,2.7318,2.7538,2.7788,2.7135,2.6482,2.6911,2.6911,2.6911,2.6911,,
Nepal,NPL,"Annual freshwater withdrawals, total (billion cubic meters)",ER.H2O.FWTL.K3,,,,,,,,,,,,,,,,,,,,,,,,,,,,,,,,,,,,,,,,,9.5625,9.54942,9.53634,9.52326,9.51018,9.4971,9.4971,9.4971,9.4971,9.4971,9.4971,9.4971,9.4971,9.4971,9.4971,9.4971,9.4971,9.4971,9.4971,9.4971,9.4971,,
Nauru,NRU,"Annual freshwater withdrawals, total (billion cubic meters)",ER.H2O.FWTL.K3,,,,,,,,,,,,,,,,,,,,,,,,,,,,,,,,,,,,,,,,,,,,,,,,,,,,,,,,,,,,,,,
New Zealand,NZL,"Annual freshwater withdrawals, total (billion cubic meters)",ER.H2O.FWTL.K3,,,,,,,,,,,,,,,,,,,,,1.2,1.34,1.48,1.62,1.76,1.9,1.988571429,2.077142857,2.165714286,2.254285714,2.342857143,2.431428571,2.52,2.608571429,2.697142857,2.785714286,2.874285714,2.962857143,3.051428571,3.14,3.392571429,3.645142857,3.897714286,4.150285714,4.402857143,4.655428571,4.908,4.98125,5.0545,5.12775,5.201,6.3695,7.538,8.7065,9.875,9.875,9.875,9.875,9.875,9.875,9.875,,
OECD members,OED,"Annual freshwater withdrawals, total (billion cubic meters)",ER.H2O.FWTL.K3,,,,,,,,,,,,,,,,,,,,,,,,,,,,,,,,,,,,,,,,,,,,,,,,,,,,,,,1008.653731,1005.85095,1013.306985,1011.91032,1014.828084,1012.543422,1011.069334,,
Oman,OMN,"Annual freshwater withdrawals, total (billion cubic meters)",ER.H2O.FWTL.K3,,,,,,,,,,,,,,,,,,,,,,,,,,,,,,,,1.197,1.210631313,1.224262626,1.237893939,1.217525253,1.231156566,1.244787879,1.258419192,1.272050505,1.3,1.271090909,1.2565,1.186,1.2308,1.2756,1.3204,1.3652,1.41,1.4548,1.4996,1.5444,1.5892,1.634,1.634,1.634,1.634,1.634,1.634,1.634,1.634,,
Other small states,OSS,"Annual freshwater withdrawals, total (billion cubic meters)",ER.H2O.FWTL.K3,,,,,,,,,,,,,,,,,,,,,,,,,,,,,,,,,,,,,,,,,,,,,,,,,,,,,,,7.196746174,7.079362727,7.201694,7.248194,7.051568617,6.473648526,6.39501317,,
Pakistan,PAK,"Annual freshwater withdrawals, total (billion cubic meters)",ER.H2O.FWTL.K3,,,,,,,,,,,,,,,,153.368,153.5075,153.647,153.7865,153.926,154.0655,154.205,154.3445,154.484,154.6235,154.763,154.9025,155.042,155.1815,155.321,155.4605,155.6,157.4844444,159.3688889,161.2533333,163.1377778,165.0222222,166.9066667,168.7911111,170.6755556,172.56,173.83575,175.1115,176.38725,177.663,178.93875,180.4425,181.94625,183.5,183.09,185.28,179.48,187.88,183.5,194.87,196.9,199.77,199.97,192.74,177.11,189.59,,
Panama,PAN,"Annual freshwater withdrawals, total (billion cubic meters)",ER.H2O.FWTL.K3,,,,,,,,,,,,,,,,,,,,,,,,,,,,,,,,,,,,,,,,,,,,,,,,,,,1.037,1.096266667,1.155533333,1.2148,1.2011,1.2513,1.2114,1.2114,1.2114,1.2114,1.2114,,
Peru,PER,"Annual freshwater withdrawals, total (billion cubic meters)",ER.H2O.FWTL.K3,,,,,,,,,,,,,,,,,,,,,,,,,,,,,,,,,,,,,,,,,,,,,,,,,13.56,15.94207618,18.31915236,20.69622854,23.07330472,25.4503809,27.82745708,30.20453326,32.58160944,34.95868562,37.3357618,38.55,38.55,,
Philippines,PHL,"Annual freshwater withdrawals, total (billion cubic meters)",ER.H2O.FWTL.K3,,,,,,,,,,,,,,,,,,,,,,,,,,,,,,,,,,,,,,,,,,,,,,,78.89,81.496,82.489,81.556,83.273,84.059,84.248,84.447,84.432,86.4,87.11,91.79128,92.15781079,85.86714704,85.86714704,,
Palau,PLW,"Annual freshwater withdrawals, total (billion cubic meters)",ER.H2O.FWTL.K3,,,,,,,,,,,,,,,,,,,,,,,,,,,,,,,,,,,,,,,,,,,,,,,,,,,,,,,,,,,,,,,
Papua New Guinea,PNG,"Annual freshwater withdrawals, total (billion cubic meters)",ER.H2O.FWTL.K3,,,,,,,,,,,,,,,,,,,,,,,,,,,,,,,,,,,,,,,,,0.2714,0.29554,0.31968,0.34382,0.36796,0.3921,0.3921,0.3921,0.3921,0.3921,0.3921,0.3921,0.3921,0.3921,0.3921,0.3921,0.3921,0.3921,0.3921,0.3921,0.3921,,
Poland,POL,"Annual freshwater withdrawals, total (billion cubic meters)",ER.H2O.FWTL.K3,,,,,,,,,,,10.113,10.7968,11.4806,12.1644,12.8482,13.532,13.8518,14.1716,14.4914,14.8112,15.131,15.3874,15.6438,15.9002,16.1566,16.413,16.1638,15.9146,15.6654,15.4162,15.167,14.2735,13.38,13.2626,13.1452,13.0278,12.9104,12.793,12.5782,12.3634,12.1486,11.9338,11.719,11.7792,11.8382,11.8978,11.9574,12.02,11.36,11.51,10.87,11.91,11.47,11.24,10.631,10.448,10.289,10.08,9.598,8.983979,8.667,,
Pre-demographic dividend,PRE,"Annual freshwater withdrawals, total (billion cubic meters)",ER.H2O.FWTL.K3,,,,,,,,,,,,,,,,,,,,,,,,,,,,,,,,,,,,,,,,,,,,,,,,,,,,,,,150.2609893,145.4720244,149.957078,154.3834878,146.310211,169.5478078,169.5478078,,
Puerto Rico,PRI,"Annual freshwater withdrawals, total (billion cubic meters)",ER.H2O.FWTL.K3,,,,,,,,,,,,,,,,,,,,,,,,,,,,,,,0.7976,0.80348,0.80936,0.81524,0.82112,0.827,0.83288,0.83876,0.84464,0.85052,0.8564,0.8848,0.9132,0.9416,0.97,0.9984,1.00212,1.00584,1.00938,1.01328,1.017,0.98836,0.9602,0.9318,0.9034,0.875,0.875,0.875,0.875,0.875,0.875,,
"Korea, Dem. People's Rep.",PRK,"Annual freshwater withdrawals, total (billion cubic meters)",ER.H2O.FWTL.K3,,,,,,,,,,,,,,,,,,,,,,,,,,,,,,,,,,,,,,,,,8.5556,8.57604,8.59648,8.61692,8.63736,8.6578,8.6578,8.6578,8.6578,8.6578,8.6578,8.6578,8.6578,8.6578,8.6578,8.6578,8.6578,8.6578,8.6578,8.6578,8.6578,,
Portugal,PRT,"Annual freshwater withdrawals, total (billion cubic meters)",ER.H2O.FWTL.K3,,,,,,,,,,,,,,,,,,,,,,,,,,,,,,,,8.5984,10.0701619,11.54192381,13.01368571,12.85211429,12.27954286,11.70697143,11.1344,10.90103353,10.66466707,10.4313006,10.19793414,9.964567669,9.731201203,9.497834737,9.058796842,9.146,9.079288889,9.012577778,8.945866667,8.879155556,8.812444444,8.745733333,8.679022222,8.612311111,8.5456,6.16147,6.12953,6.12953,6.12953,,
Paraguay,PRY,"Annual freshwater withdrawals, total (billion cubic meters)",ER.H2O.FWTL.K3,,,,,,,,,,,,,,,,,,,,,,,,,,,,0.43,0.4346153846,0.4392307692,0.4438461538,0.4484615385,0.4530769231,0.4576923077,0.4623076923,0.4669230769,0.4715384615,0.4761538462,0.4807692308,0.4853846154,0.49,0.6569848485,0.823969697,0.9909545455,1.157939394,1.324924242,1.491909091,1.658893939,1.825878788,1.978613636,2.131348485,2.25275,2.413,2.413,2.413,2.413,2.413,2.413,2.413,2.413,2.413,,
West Bank and Gaza,PSE,"Annual freshwater withdrawals, total (billion cubic meters)",ER.H2O.FWTL.K3,,,,,,,,,,,,,,,,,,,,,,,,,,,,,,,,,,,,,,,,,0.2809666667,0.27045,0.3236333333,0.3409166667,0.3808,0.408,0.3944866667,0.37759,0.3606933333,0.3437966667,0.2708,0.2669,0.2926,0.3024,0.2745,0.2912,0.2806,0.288,0.2997,0.3296,0.3524,,
Pacific island small states,PSS,"Annual freshwater withdrawals, total (billion cubic meters)",ER.H2O.FWTL.K3,,,,,,,,,,,,,,,,,,,,,,,,,,,,,,,,,,,,,,,,,,,,,,,,,,,,,,,,,,,,,,,
Post-demographic dividend,PST,"Annual freshwater withdrawals, total (billion cubic meters)",ER.H2O.FWTL.K3,,,,,,,,,,,,,,,,,,,,,,,,,,,,,,,,,,,,,,,,,,,,,,,,,,,,,,,820.7245912,811.3904185,810.4628582,810.8753274,810.6219692,807.118285,803.4067607,,
French Polynesia,PYF,"Annual freshwater withdrawals, total (billion cubic meters)",ER.H2O.FWTL.K3,,,,,,,,,,,,,,,,,,,,,,,,,,,,,,,,,,,,,,,,,,,,,,,,,,,,,,,,,,,,,,,
Qatar,QAT,"Annual freshwater withdrawals, total (billion cubic meters)",ER.H2O.FWTL.K3,,,,,,,,,,,,,,,,0.15,0.1571,0.1642,0.1713,0.1784,0.1855,0.1926,0.1997,0.2068,0.2139,0.221,0.2281,0.2352,0.2423,0.2494,0.1915,0.1901,0.1887,0.1873,0.1607,0.1612333333,0.1617666667,0.1623,0.1628333333,0.1633666667,0.1639,0.17452,0.18674,0.19816,0.20958,0.217,0.22115,0.2253,0.22945,0.2336,0.23775,0.2419,0.24605,0.2502,0.2521,0.25,0.2508,0.25,0.25,0.25,0.25,,
Romania,ROU,"Annual freshwater withdrawals, total (billion cubic meters)",ER.H2O.FWTL.K3,,,,,,,,,,,9.59,10.552,11.514,12.476,13.438,14.4,15.28,16.16,17.04,17.92,18.8,19.14,19.48,19.82,20.16,20.5,20.482,20.464,20.446,20.428,20.41,20.25333333,20.09666667,19.94,17.97,16,14.23,12.46,12.76,12.65,9.65,9.058,9.222,8.508,7.124,6.11,5.33,6.884,7.22,6.876,6.219,6.592,6.482,6.418,6.282,6.465,6.374,6.773,6.416,6.416,6.416,,
Russian Federation,RUS,"Annual freshwater withdrawals, total (billion cubic meters)",ER.H2O.FWTL.K3,,,,,,,,,,,,,,,,,,,,,,,,,,,,,,,,,99.6,88.35,77.1,75.56619048,74.03238095,72.49857143,70.9647619,69.43095238,75.9,66.2,65.76666667,65.33333333,64.9,69.3,64.03333333,63.6,63.16666667,62.73333333,69.7,61.86666667,64,61,70.81,62.44,64.79,64.41,64.82,64.82,64.82,,
Rwanda,RWA,"Annual freshwater withdrawals, total (billion cubic meters)",ER.H2O.FWTL.K3,,,,,,,,,,,,,,,,,,,,,,,,,,,,,,,,,,,,,,,,,0.15,0.1703589474,0.1907178947,0.2110768421,0.2314357895,0.2517947368,0.2766665414,0.3015383459,0.3264101504,0.3512819549,0.3761537594,0.4010255639,0.4258973684,0.4507691729,0.4756409774,0.500512782,0.5253845865,0.550256391,0.5751281955,0.61,0.61,,
South Asia,SAS,"Annual freshwater withdrawals, total (billion cubic meters)",ER.H2O.FWTL.K3,,,,,,,,,,,,,,,,,,,,,,,,,,,,,,,,,,,,,,,,,,,,,,,,,,,,,,,921.3077,923.3377,926.2077,926.4077,919.1777,903.5477,916.0277,,
Saudi Arabia,SAU,"Annual freshwater withdrawals, total (billion cubic meters)",ER.H2O.FWTL.K3,,,,,,,,,,,,,,,,,,,,,,,,,,,,,,,,,16.12,16.569525,17.00505,17.472575,17.9091,18.368625,18.81315,19.237675,19.6742,19.9834625,20.346725,20.5959875,20.88325,21.4756875,22.64,22.46708333,22.29416667,22.12125,21.94833333,21.77541667,21.6025,21.46175,21.473,22.773,22.31,22.943,23.38,23.38,23.38,,
Sudan,SDN,"Annual freshwater withdrawals, total (billion cubic meters)",ER.H2O.FWTL.K3,,,,,,,,,,,,,,,,,,,,,,,,,,,,,,,,,,,,,,,,,,,,,,,,,,,,,26.935,26.935,26.935,26.935,26.935,26.935,26.935,26.935,26.935,,
Senegal,SEN,"Annual freshwater withdrawals, total (billion cubic meters)",ER.H2O.FWTL.K3,,,,,,,,,,,,,,,,,,,,,,,,,,,,1.36,1.377688462,1.395376923,1.413065385,1.430753846,1.448442308,1.466130769,1.483819231,1.501488462,1.519196154,1.536884615,1.554573077,1.572261539,1.58995,1.90545,2.22095,2.237860435,2.254770869,2.271681304,2.288591739,2.305502173,2.323225744,2.340271702,2.357317659,2.374363617,2.391409574,2.408455531,2.425501489,2.442547446,2.459593404,2.47460652,3.0258,3.0616,3.0616,,
Singapore,SGP,"Annual freshwater withdrawals, total (billion cubic meters)",ER.H2O.FWTL.K3,,,,,,,,,,,,,,,,0.19,0.2580225,0.326045,0.3940675,0.46209,0.5301125,0.598135,0.6661575,0.73418,0.8022025,0.870225,0.9382475,1.00627,1.0742925,1.142315,1.2031375,1.27116,1.3391825,1.407205,1.4752275,1.54325,1.6112725,1.679295,1.7473175,1.81534,1.8833625,1.969417,2.0294715,2.115126,2.2007805,2.265101667,2.077734833,1.890368,1.7067345,1.513101,1.3194675,1.125834,0.9602005,0.794567,0.6510335,0.5075,0.5098,0.4993,0.4883,0.493,0.4987,,
Solomon Islands,SLB,"Annual freshwater withdrawals, total (billion cubic meters)",ER.H2O.FWTL.K3,,,,,,,,,,,,,,,,,,,,,,,,,,,,,,,,,,,,,,,,,,,,,,,,,,,,,,,,,,,,,,,
Sierra Leone,SLE,"Annual freshwater withdrawals, total (billion cubic meters)",ER.H2O.FWTL.K3,,,,,,,,,,,,,,,,,,,,,,,,,,,,0.37,0.3212015385,0.2724030769,0.2236046154,0.1748061538,0.1260076923,0.1338692308,0.1417307692,0.1495923077,0.1574538462,0.1653153846,0.1731769231,0.1810384615,0.1889,0.19356,0.19822,0.20288,0.20754,0.2122,0.2122,0.2122,0.2122,0.2122,0.2122,0.2122,0.2122,0.2122,0.2122,0.2122,0.2122,0.2122,0.2122,0.2122,0.2122,,
El Salvador,SLV,"Annual freshwater withdrawals, total (billion cubic meters)",ER.H2O.FWTL.K3,,,,,,,,,,,,,,,,,,,,,,,,,,,,,,,,,0.7289,0.8097625,0.890625,0.9714875,1.05235,1.1332125,1.214075,1.2949375,1.3758,1.52424,1.67268,1.82112,1.96948,2.118,1.923821111,1.729642222,1.535463333,1.341284444,1.147105556,0.9529266667,0.7587477778,0.5645688889,0.37039,0.3777,0.3761,0.3887,0.3858,0.3891,0.3891,,
San Marino,SMR,"Annual freshwater withdrawals, total (billion cubic meters)",ER.H2O.FWTL.K3,,,,,,,,,,,,,,,,,,,,,,,,,,,,,,,,,,,,,,,,,,,,,,,,,,,,,,,,,,,,,,,
Somalia,SOM,"Annual freshwater withdrawals, total (billion cubic meters)",ER.H2O.FWTL.K3,,,,,,,,,,,,,,,,,,,,,,,,,,,,0.81,1.000761539,1.191523077,1.382284615,1.573046154,1.763807692,1.954569231,2.145330769,2.336092308,2.526853846,2.717615385,2.908376923,3.099138462,3.2899,3.2926,3.2953,3.298,3.298,3.298,3.298,3.298,3.298,3.298,3.298,3.298,3.298,3.298,3.298,3.298,3.298,3.298,3.298,3.298,3.298,,
Serbia,SRB,"Annual freshwater withdrawals, total (billion cubic meters)",ER.H2O.FWTL.K3,,,,,,,,,,,,,,,,,,,,,,,,,,,,,,,,,,,,,,,,,,,,,,,3.87265,3.9578,4.691,4.634,4.419,4.75,4.403,4.709,3.935,4.689,4.707,5.377,5.5575,5.6186,5.3245,,
Sub-Saharan Africa (excluding high income),SSA,"Annual freshwater withdrawals, total (billion cubic meters)",ER.H2O.FWTL.K3,,,,,,,,,,,,,,,,,,,,,,,,,,,,,,,,,,,,,,,,,,,,,,,,,,,,,,,123.013962,125.8092655,127.3893626,127.5344442,129.6694208,130.2538895,130.5943171,,
South Sudan,SSD,"Annual freshwater withdrawals, total (billion cubic meters)",ER.H2O.FWTL.K3,,,,,,,,,,,,,,,,,,,,,,,,,,,,,,,,,,,,,,,,,,,,,,,,,,,,,0.658,0.658,0.658,0.658,0.658,0.658,0.658,0.658,0.658,,
Sub-Saharan Africa,SSF,"Annual freshwater withdrawals, total (billion cubic meters)",ER.H2O.FWTL.K3,,,,,,,,,,,,,,,,,,,,,,,,,,,,,,,,,,,,,,,,,,,,,,,,,,,,,,,123.025256,125.8205595,127.4006566,127.5457382,129.6807148,130.2651835,130.6056111,,
Small states,SST,"Annual freshwater withdrawals, total (billion cubic meters)",ER.H2O.FWTL.K3,,,,,,,,,,,,,,,,,,,,,,,,,,,,,,,,,,,,,,,,,,,,,,,,,,,,,,,11.50094617,10.66356273,11.305894,11.352394,11.15576862,10.57784853,10.49921317,,
Sao Tome and Principe,STP,"Annual freshwater withdrawals, total (billion cubic meters)",ER.H2O.FWTL.K3,,,,,,,,,,,,,,,,,,,,,,,,,,,,,,,,,,0.007,0.008473913,0.0099478261,0.0114217391,0.0128956522,0.0143695652,0.0158434783,0.0173173913,0.0187913043,0.0202652174,0.0217391304,0.0232130435,0.0246869565,0.0261608696,0.0276347826,0.0291086957,0.0305826087,0.0320565217,0.0335304348,0.0350043478,0.0364782609,0.0379521739,0.039426087,0.0409,0.0409,0.0409,0.0409,0.0409,,
Suriname,SUR,"Annual freshwater withdrawals, total (billion cubic meters)",ER.H2O.FWTL.K3,,,,,,,,,,,,,,,,,,,,,,,,,,,,0.46,0.4761538462,0.4923076923,0.5084615385,0.5246153846,0.5407692308,0.5569230769,0.5730769231,0.5892307692,0.6053846154,0.6215384615,0.6376923077,0.6538461538,0.67,0.6609833333,0.6519666667,0.64295,0.6339333333,0.6249166667,0.6159,0.6159,0.6159,0.6159,0.6159,0.6159,0.6159,0.6159,0.6159,0.6159,0.6159,0.6159,0.6159,0.6159,0.6159,,
Slovak Republic,SVK,"Annual freshwater withdrawals, total (billion cubic meters)",ER.H2O.FWTL.K3,,,,,,,,,,,,,,,,,,,,,,,,,,,,,,,,,,1.572,1.479,1.386,1.348,1.31,1.263833333,1.217666667,1.1715,1.13295,1.0944,1.0319,0.9694,0.9069,0.7974,0.6879,0.6637,0.6281,0.6007,0.5931,0.6653,0.6374,0.5593,0.5736,0.5553,0.5563,0.5565,0.5586,0.555,,
Slovenia,SVN,"Annual freshwater withdrawals, total (billion cubic meters)",ER.H2O.FWTL.K3,,,,,,,,,,,,,,,,,,,,,,,,,,,,,,,,,,,,,,,,,,,0.8992,0.9073333333,0.9154666667,0.9236,0.9295,0.9354,1.04,0.9427,0.9255,0.8503,0.928,1.1556,0.9803,0.897,0.8873,0.9314,0.961,0.944,1.003,,
Sweden,SWE,"Annual freshwater withdrawals, total (billion cubic meters)",ER.H2O.FWTL.K3,,,,,,,,,,,4.073,4.0854,4.0978,4.1102,4.1226,4.135,4.1292,4.1234,4.1176,4.1118,4.106,3.8788,3.6516,3.4244,3.1972,2.97,2.97075,2.9715,2.97225,2.973,2.968,2.9705,2.973,2.890333333,2.807666667,2.725,2.718,2.711,2.703333333,2.695666667,2.688,2.676,2.676,2.661,2.646,2.631,2.6305,2.63,2.649666667,2.669333333,2.689,2.6262,2.5634,2.5006,2.4378,2.375,2.3966,2.4182,2.4398,2.4614,2.483,,
Eswatini,SWZ,"Annual freshwater withdrawals, total (billion cubic meters)",ER.H2O.FWTL.K3,,,,,,,,,,,,,,,,,,,,,0.657,0.67625,0.6955,0.71475,0.734,0.75325,0.7725,0.79175,0.811,0.83025,0.8495,0.86875,0.888,0.90725,0.9265,0.94575,0.965,0.98425,1.0035,1.02275,1.042,1.0472,1.0524,1.0576,1.0628,1.068,1.068,1.068,1.068,1.068,1.068,1.068,1.068,1.068,1.068,1.068,1.068,1.068,1.068,1.068,1.068,,
Sint Maarten (Dutch part),SXM,"Annual freshwater withdrawals, total (billion cubic meters)",ER.H2O.FWTL.K3,,,,,,,,,,,,,,,,,,,,,,,,,,,,,,,,,,,,,,,,,,,,,,,,,,,,,,,,,,,,,,,
Seychelles,SYC,"Annual freshwater withdrawals, total (billion cubic meters)",ER.H2O.FWTL.K3,,,,,,,,,,,,,,,,,,,,,,,,,,,,,,0.0119,0.0118567143,0.0118134286,0.0117701429,0.0117268571,0.0116835714,0.0116402857,0.011597,0.0115537143,0.0115104286,0.0114671429,0.0114238571,0.0113805714,0.0113372857,0.011294,0.011294,0.011294,0.011294,0.011294,0.011294,0.011294,0.011294,0.011294,0.011294,0.011294,0.011294,0.011294,0.011294,0.011294,0.011294,0.011294,0.011294,,
Syrian Arab Republic,SYR,"Annual freshwater withdrawals, total (billion cubic meters)",ER.H2O.FWTL.K3,,,,,,,,,,,,,,,,3.34,3.863777778,4.387555556,4.911333333,5.435111111,5.958888889,6.482666667,7.006444444,7.530222222,8.054,8.577777778,9.101555556,9.625333333,10.14911111,10.67288889,11.19666667,11.72044444,12.24422222,12.768,13.449,13.492,13.964,14.427,14.917,14.698,15.072,15.554,16.359,14.445,14.1097,14.1444,14.1444,14.1444,14.1444,14.0994,14.0544,14.0094,13.9644,13.9644,13.9644,13.9644,13.9644,13.9644,13.9644,13.9644,13.9644,,
Turks and Caicos Islands,TCA,"Annual freshwater withdrawals, total (billion cubic meters)",ER.H2O.FWTL.K3,,,,,,,,,,,,,,,,,,,,,,,,,,,,,,,,,,,,,,,,,,,,,,,,,,,,,,,,,,,,,,,
Chad,TCD,"Annual freshwater withdrawals, total (billion cubic meters)",ER.H2O.FWTL.K3,,,,,,,,,,,,,,,,,,,,,,,,,,,,0.181,0.2270235897,0.2730471795,0.3190707692,0.365094359,0.4111179487,0.4571415385,0.5031651282,0.5491887179,0.5952123077,0.6412358974,0.6872594872,0.7332830769,0.7793066667,0.8203333333,0.86136,0.86744,0.87352,0.8796,0.8796,0.8796,0.8796,0.8796,0.8796,0.8796,0.8796,0.8796,0.8796,0.8796,0.8796,0.8796,0.8796,0.8796,0.8796,,
East Asia & Pacific (IDA & IBRD countries),TEA,"Annual freshwater withdrawals, total (billion cubic meters)",ER.H2O.FWTL.K3,,,,,,,,,,,,,,,,,,,,,,,,,,,,,,,,,,,,,,,,,,,,,,,,,,,,,,,1077.236156,1084.738288,1104.6724,1101.36868,1098.425211,1101.374547,1067.734547,,
Europe & Central Asia (IDA & IBRD countries),TEC,"Annual freshwater withdrawals, total (billion cubic meters)",ER.H2O.FWTL.K3,,,,,,,,,,,,,,,,,,,,,,,,,,,,,,,,,,,,,,,,,,,,,,,,,,,,,,,301.2473549,297.4198189,303.863074,310.214182,313.07881,314.917979,312.09916,,
Togo,TGO,"Annual freshwater withdrawals, total (billion cubic meters)",ER.H2O.FWTL.K3,,,,,,,,,,,,,,,,,,,,,,,,,,,,0.091,0.0970512821,0.1031025641,0.1091538462,0.1152051282,0.1212564103,0.1273076923,0.1333589744,0.1394102564,0.1454615385,0.1515128205,0.1575641026,0.1636153846,0.1696666667,0.1693333333,0.169,0.187,0.205,0.223,0.223,0.223,0.223,0.223,0.223,0.223,0.223,0.223,0.223,0.223,0.223,0.223,0.223,0.223,0.223,,
Thailand,THA,"Annual freshwater withdrawals, total (billion cubic meters)",ER.H2O.FWTL.K3,,,,,,,,,,,,,,,,,,,,,,,,,,,,,,,,,,,,,,,,,,,,,,,,57.307,57.307,57.307,57.307,57.307,57.307,57.307,57.307,57.307,57.307,57.307,57.307,57.307,57.307,,
Tajikistan,TJK,"Annual freshwater withdrawals, total (billion cubic meters)",ER.H2O.FWTL.K3,,,,,,,,,,,,,,,,,,,,,,,,,,,,,,,,,,,11.52,11.6515,11.783,11.9145,12.046,12.1775,12.309,12.1233,11.9376,11.7519,11.5662,11.3805,11.1948,11.10868889,11.02257778,10.93646667,10.85035556,10.76424444,10.67813333,10.59202222,10.50591111,10.4198,8.749,7.988,9.774,10.602,10.602,,
Turkmenistan,TKM,"Annual freshwater withdrawals, total (billion cubic meters)",ER.H2O.FWTL.K3,,,,,,,,,,,,,,,,,,,,,,,,,,,,,,,,,,,23.698,23.88618333,24.07436667,24.26255,24.45073333,24.63891667,24.8271,25.41473333,26.00236667,26.59,27.865,27.865,27.865,27.89027,27.91554,27.94081,27.96608,27.99135,28.01662,28.04189,28.06716,28.09243,28.1177,28.8562,26.88,27.7081,26.245,,
Latin America & the Caribbean (IDA & IBRD countries),TLA,"Annual freshwater withdrawals, total (billion cubic meters)",ER.H2O.FWTL.K3,,,,,,,,,,,,,,,,,,,,,,,,,,,,,,,,,,,,,,,,,,,,,,,,,,,,,,,338.8592882,342.5917317,350.5425292,352.6347678,356.9948765,360.8102035,361.6365698,,
Timor-Leste,TLS,"Annual freshwater withdrawals, total (billion cubic meters)",ER.H2O.FWTL.K3,,,,,,,,,,,,,,,,,,,,,,,,,,,,,,,,,,,,,,,,,,,,,1.172,1.172,1.172,1.172,1.172,1.172,1.172,1.172,1.172,1.172,1.172,1.172,1.172,1.172,1.172,1.172,1.172,,
Middle East & North Africa (IDA & IBRD countries),TMN,"Annual freshwater withdrawals, total (billion cubic meters)",ER.H2O.FWTL.K3,,,,,,,,,,,,,,,,,,,,,,,,,,,,,,,,,,,,,,,,,,,,,,,,,,,,,,,242.2763333,237.8538,241.623,263.4013,254.17312,277.25424,277.32524,,
Tonga,TON,"Annual freshwater withdrawals, total (billion cubic meters)",ER.H2O.FWTL.K3,,,,,,,,,,,,,,,,,,,,,,,,,,,,,,,,,,,,,,,,,,,,,,,,,,,,,,,,,,,,,,,
South Asia (IDA & IBRD),TSA,"Annual freshwater withdrawals, total (billion cubic meters)",ER.H2O.FWTL.K3,,,,,,,,,,,,,,,,,,,,,,,,,,,,,,,,,,,,,,,,,,,,,,,,,,,,,,,921.3077,923.3377,926.2077,926.4077,919.1777,903.5477,916.0277,,
Sub-Saharan Africa (IDA & IBRD countries),TSS,"Annual freshwater withdrawals, total (billion cubic meters)",ER.H2O.FWTL.K3,,,,,,,,,,,,,,,,,,,,,,,,,,,,,,,,,,,,,,,,,,,,,,,,,,,,,,,123.025256,125.8205595,127.4006566,127.5457382,129.6807148,130.2651835,130.6056111,,
Trinidad and Tobago,TTO,"Annual freshwater withdrawals, total (billion cubic meters)",ER.H2O.FWTL.K3,,,,,,,,,,,,,,,,,,,,,,,,,,,,,,,,,,,,,,0.297,0.3026666667,0.3083333333,0.314,0.3202,0.3264,0.3326,0.3388,0.309,0.3135333333,0.3180666667,0.3226,0.3271333333,0.3316666667,0.3362,0.3362,0.3362,0.3362,0.3362,0.3362,0.3362,0.3362,0.3362,0.3362,,
Tunisia,TUN,"Annual freshwater withdrawals, total (billion cubic meters)",ER.H2O.FWTL.K3,,,,,,,,,,,,,,,,1.07,1.236,1.402,1.568,1.734,1.9,1.98,2.06,2.14,2.22,2.3,2.455,2.61,2.765,2.92,3.067,3.0234,2.9798,2.9362,2.8926,2.849,2.8046,2.7602,2.7158,2.6714,2.6,2.809,2.824,2.839,2.854,2.869,2.884,2.899,2.914,3.015,3.116,3.217,3.3188,3.4206,3.5224,3.6242,3.726,3.526,3.78072,3.793,3.864,,
Turkiye,TUR,"Annual freshwater withdrawals, total (billion cubic meters)",ER.H2O.FWTL.K3,,,,,,,,,,,,,,,,,,,,,,,,,,,,,,,,,31.5995,32.27432143,32.94914286,33.62396429,34.29878571,34.97360714,35.64842857,36.32325,42,40.93916667,39.87833333,38.8175,39.53808333,40.25866667,40.97925,41.469625,41.96,45.13,46.96,48.735,50.51,51.24,51.97,53.71,59.61,58.788985,61.09358,61.53358,61.53358,,
Tuvalu,TUV,"Annual freshwater withdrawals, total (billion cubic meters)",ER.H2O.FWTL.K3,,,,,,,,,,,,,,,,,,,,,,,,,,,,,,,,,,,,,,,,,,,,,,,,,,,,,,,,,,,,,,,
Tanzania,TZA,"Annual freshwater withdrawals, total (billion cubic meters)",ER.H2O.FWTL.K3,,,,,,,,,,,,,,,,,,,,,,,,,,,,,,,,,,,1.48525,1.94759375,2.4099375,2.87228125,3.334625,3.79696875,4.2593125,4.72165625,5.184,5.184,5.184,5.184,5.184,5.184,5.184,5.184,5.184,5.184,5.184,5.184,5.184,5.184,5.184,5.184,5.184,5.184,5.184,,
Uganda,UGA,"Annual freshwater withdrawals, total (billion cubic meters)",ER.H2O.FWTL.K3,,,,,,,,,,,0.2,0.20432,0.20864,0.21296,0.21728,0.2216,0.22592,0.23024,0.23456,0.23888,0.2432,0.24752,0.25184,0.25616,0.26048,0.2648,0.26912,0.27344,0.27776,0.28208,0.2864,0.29072,0.29504,0.29936,0.30368,0.308,0.31232,0.31664,0.32096,0.32528,0.3296,0.345575,0.36155,0.4074583333,0.4533666667,0.499275,0.5451833333,0.5910916667,0.637,0.637,0.637,0.637,0.637,0.637,0.637,0.637,0.637,0.637,0.637,0.637,0.637,,
Ukraine,UKR,"Annual freshwater withdrawals, total (billion cubic meters)",ER.H2O.FWTL.K3,,,,,,,,,,,,,,,,,,,,,,,,,,,,,,,,,26,25.037,24.072,23.107,22.142,21.177,20.212,19.247,18.28,17.6422,17.0024,16.3626,15.7228,15.08,15.0356,14.988,14.9408,14.8934,14.85,13.86225,12.8745,11.88675,10.899,9.109,9.325,10.705,10.705,10.596,9.459,,
Upper middle income,UMC,"Annual freshwater withdrawals, total (billion cubic meters)",ER.H2O.FWTL.K3,,,,,,,,,,,,,,,,,,,,,,,,,,,,,,,,,,,,,,,,,,,,,,,,,,,,,,,1201.134899,1193.651774,1227.026541,1227.542302,1221.305952,1259.524644,1225.690977,,
Uruguay,URY,"Annual freshwater withdrawals, total (billion cubic meters)",ER.H2O.FWTL.K3,,,,,,0.65,0.736,0.822,0.908,0.994,1.08,1.166,1.252,1.338,1.424,1.51,1.596,1.682,1.768,1.854,1.94,2.026,2.112,2.198,2.284,2.37,2.456,2.542,2.628,2.714,2.8,2.886,2.972,3.058,3.144,3.23,3.316,3.402,3.488,3.574,3.66,3.66,3.66,3.66,3.66,3.66,3.66,3.66,3.66,3.66,3.66,3.66,3.66,3.66,3.66,3.66,3.66,3.66,3.66,3.66,3.66,,
United States,USA,"Annual freshwater withdrawals, total (billion cubic meters)",ER.H2O.FWTL.K3,,,,,,,,,,,,,,,,,,,,,517.6,512.35,507.1,501.85,496.6,491.35,486.1,480.85,475.6,470.35,465.1,465.95,466.8,467.65,468.5,469.35,470.2,471.05,471.9,472.75,473.5,474.6,475.6,476.6,477.6,478.6,466.64,454.68,442.72,430.76,418.7,423.9192224,429.0384447,434.1576671,439.2768894,444.3961118,444.3961118,444.3961118,444.3961118,444.3961118,444.3961118,,
Uzbekistan,UZB,"Annual freshwater withdrawals, total (billion cubic meters)",ER.H2O.FWTL.K3,,,,,,,,,,,,,,,,,,,,,,,,,,,,,,,,,,,53.763,53.69904762,53.63509524,53.57114286,53.50719048,53.4432381,53.37928571,53.74,52.595,51.45,50.305,49.16,49.30444444,49.44888889,49.59333333,49.73777778,49.88222222,50.02666667,50.17111111,50.31555556,50.46,55.14,54.55,58.9,58.904,58.904,58.904,,
St. Vincent and the Grenadines,VCT,"Annual freshwater withdrawals, total (billion cubic meters)",ER.H2O.FWTL.K3,,,,,,,,,,,,,,,,,,,,,,,,,,,,,,,,,,,,0.01,0.00995,0.0099,0.00985,0.0098,0.00975,0.0097,0.0094174444,0.0093342222,0.009251,0.0095,0.0093,0.0091,0.0089,0.0087,0.0085,0.0083,0.0081,0.0079,0.0079,0.0079,0.0079,0.0079,0.0079,0.0079,0.0079,,
"Venezuela, RB",VEN,"Annual freshwater withdrawals, total (billion cubic meters)",ER.H2O.FWTL.K3,,,,,,,,,,,4.1,4.265296667,4.430593333,4.59589,4.76188,4.92735,5.09282,5.25829,5.42376,5.58923,5.7547,5.92017,6.08564,6.25111,6.41658,6.58205,6.74752,6.91299,7.07846,7.24393,7.4042,7.56967,7.73514,7.90061,8.06608,8.232416667,8.39702,8.56249,8.728306667,8.89343,9.0589,11.04334,13.02778,15.01222,16.99666,18.9811,20.8011,22.6211,22.6211,22.6211,22.6211,22.6211,22.6211,22.6211,22.6211,22.6211,22.6211,22.6211,22.6211,22.6211,22.6211,,
British Virgin Islands,VGB,"Annual freshwater withdrawals, total (billion cubic meters)",ER.H2O.FWTL.K3,,,,,,,,,,,,,,,,,,,,,,,,,,,,,,,,,,,,,,,,,,,,,,,,,,,,,,,,,,,,,,,
Virgin Islands (U.S.),VIR,"Annual freshwater withdrawals, total (billion cubic meters)",ER.H2O.FWTL.K3,,,,,,,,,,,,,,,,,,,,,,,,,,,,,,,,,,,,,,,,,,,,,,,,,,,,,,,,,,,,,,,
Viet Nam,VNM,"Annual freshwater withdrawals, total (billion cubic meters)",ER.H2O.FWTL.K3,,,,,,,,,,,,,,,,,,,,,37.86,39.342,40.824,42.306,43.788,45.27,46.5196,47.7692,49.0188,50.2684,51.518,53.5476,55.5772,57.6068,59.6364,61.666,63.6956,65.7252,67.7548,69.7844,71.814,73.8572,75.9004,77.7686,79.8118,81.862,81.862,81.862,81.862,81.862,81.862,81.862,81.862,81.862,81.862,81.862,81.862,81.862,81.862,81.862,81.862,,
Vanuatu,VUT,"Annual freshwater withdrawals, total (billion cubic meters)",ER.H2O.FWTL.K3,,,,,,,,,,,,,,,,,,,,,,,,,,,,,,,,,,,,,,,,,,,,,,,,,,,,,,,,,,,,,,,
World,WLD,"Annual freshwater withdrawals, total (billion cubic meters)",ER.H2O.FWTL.K3,,,,,,,,,,,,,,,,,,,,,,,,,,,,,,,,,,,,,,,,,,,,,,,,,,,,,,,3847.676323,3849.047771,3890.158287,3917.306369,3907.64709,3920.488217,3895.525272,,
Samoa,WSM,"Annual freshwater withdrawals, total (billion cubic meters)",ER.H2O.FWTL.K3,,,,,,,,,,,,,,,,,,,,,,,,,,,,,,,,,,,,,,,,,,,,,,,,,,,,,,,,,,,,,,,
Kosovo,XKX,"Annual freshwater withdrawals, total (billion cubic meters)",ER.H2O.FWTL.K3,,,,,,,,,,,,,,,,,,,,,,,,,,,,,,,,,,,,,,,,,,,,,,,,,,,,,,,,,,,,,,,
"Yemen, Rep.",YEM,"Annual freshwater withdrawals, total (billion cubic meters)",ER.H2O.FWTL.K3,,,,,,,,,,,,,,,,,,,,,,,,,,,,,,,2.922,2.9688,3.0156,3.0624,3.1092,3.156,3.2028,3.2496,3.2964,3.3432,3.384,3.4202,3.4564,3.4926,3.5288,3.565,3.565,3.565,3.565,3.565,3.565,3.565,3.565,3.565,3.565,3.565,3.565,3.565,3.565,3.565,3.565,,
South Africa,ZAF,"Annual freshwater withdrawals, total (billion cubic meters)",ER.H2O.FWTL.K3,,,,,,,,,,,,,,,,,,,,,,,,,,,,,,,13.291,13.2096,13.1282,13.0468,12.9654,12.884,12.862,12.84,12.818,12.796,12.733,12.94584615,13.15869231,13.37153846,13.58438462,13.79723077,14.01007692,14.22292308,14.43576923,14.64861538,14.86146154,15.07430769,15.28715385,14.286,16.473,18.66,19.05,19.38,19.64,20,20.31,,
Zambia,ZMB,"Annual freshwater withdrawals, total (billion cubic meters)",ER.H2O.FWTL.K3,,,,,,,,,,,,,,,,,,,,,,,,,,,,,,,,,1.747,1.7265,1.706,1.68925,1.6725,1.65575,1.639,1.62225,1.6055,1.58875,1.572,1.572,1.572,1.572,1.572,1.572,1.572,1.572,1.572,1.572,1.572,1.572,1.572,1.572,1.572,1.572,1.572,1.572,1.572,,
Zimbabwe,ZWE,"Annual freshwater withdrawals, total (billion cubic meters)",ER.H2O.FWTL.K3,,,,,,,,,,,,,,,,,,,,,,,,,,,,1.22,1.419,1.618,1.817,2.016,2.215,2.414,2.613,2.812,3.011,3.21,3.409,3.608,3.807,4.006,4.205,4.078,3.951,3.824,3.697,3.57,3.548125,3.52625,3.5046375,3.48285,3.460625,3.43875,3.416875,3.395,3.402,3.339,3.771381651,3.771381651,3.771381651,,